1,IMDELI001
2,IMDELI002
3,IMDELI003
4,IMDELI004
5,IMDELI005
6,IMDELI006
7,IMDELI007
8,IMDELI008
9,IMDELI009
10,IMDELI010
12,IMDELI012
13,IMDELI013
14,IMDELI014
15,IMDELI015
16,IMDELI016
17,IMDELI017
18,IMDELI018
19,IMDELI019
20,IMDELI020
21,IMDELI021
22,IMDELI022
23,IMDELI023
24,IMDELI024
25,IMDELI025
26,IMDELI026
27,IMDELI027
28,IMDELI028
29,IMDELI029
30,IMDELI030
31,IMDELI031
32,IMDELI032
33,IMDELI033
34,IMDELI034
35,IMDELI035
36,IMDELI036
37,IMDELI037
38,IMDELI038
39,IMDELI039
40,IMDELI040
41,IMDELI041
42,IMDELI042
43,IMDELI043
44,IMDELI044
45,IMDELI045
46,IMDELI046
47,IMDELI047
48,IMDELI048
49,IMDELI049
50,IMDELI050
51,IMDELI051
52,IMDELI052
53,IMDELI053
54,IMDELI054
55,IMDELI055
56,IMDELI056
57,IMDELI057
58,IMDELI058
59,IMDELI059
60,IMDELI060
61,IMDELI061
62,IMDELI062
63,IMDELI063
64,IMDELI064
65,IMDELI065
66,IMDELI066
67,IMDELI067
68,IMDELI068
69,IMDELI069
70,IMDELI070
71,IMDELI071
72,IMDELI072
73,IMDELI073
74,IMDELI074
75,IMDELI075
76,IMDELI076
77,IMDELI077
78,IMDELI078
79,IMDELI079
80,IMDELI080
81,IMDELI081
82,IMDELI082
83,IMDELI083
84,IMDELI084
85,IMDELI085
86,IMDELI086
87,IMDELI087
88,IMDELI088
89,IMDELI089
90,IMDELI090
91,IMDELI091
92,IMDELI092
93,IMDELI093
94,IMDELI094
95,IMDELI095
96,IMDELI096
97,IMDELI097
98,IMDELI098
99,IMDELI099
100,IMDELI100
101,IMDELI101
102,IMDELI102
103,IMDELI103
104,IMDELI104
105,IMDELI105
106,IMDELI106
107,IMDELI107
108,IMDELI108
109,IMDELI109
110,IMDELI110
111,IMDELI111
112,IMDELI112
113,IMDELI113
114,IMDELI114
115,IMDELI115
116,IMDELI116
117,IMDELI117
118,IMDELI118
119,IMDELI119
120,IMDELI120
121,IMDELI121
122,IMDELI122
123,IMDELI123
124,IMDELI124
125,IMDELI125
126,IMDELI126
127,IMDELI127
128,IMDELI128
129,IMDELI129
130,IMDELI130
131,IMDELI131
132,IMDELI132
133,IMDELI133
134,IMDELI134
135,IMDELI135
136,IMDELI136
137,IMDELI137
138,IMDELI138
139,IMDELI139
140,IMDELI140
141,IMDELI141
142,IMDELI142
143,IMDELI143
144,IMDELI144
145,IMDELI145
146,IMDELI146
147,IMDELI147
148,IMDELI148
149,SWDELI001
150,SWDELI002
151,SWDELI003
152,SWDELI004
153,SWDELI005
154,SWDELI006
155,SWDELI007
156,SWDELI008
157,SWDELI009
158,SWDELI010
159,SWDELI011
160,SWDELI012
161,SWDELI013
162,SWDELI014
163,SWDELI015
164,SWDELI016
165,SWDELI017
166,SWDELI018
167,SWDELI019
168,SWDELI020
169,SWDELI021
170,SWDELI022
171,SWDELI023
172,SWDELI024
173,SWDELI025
174,SWDELI026
175,SWDELI027
176,SWDELI028
177,SWDELI029
178,SWDELI030
179,SWDELI031
180,SWDELI032
181,SWDELI033
182,SWDELI034
183,SWDELI035
184,SWDELI036
185,SWDELI037
186,SWDELI038
187,SWDELI039
188,SWDELI040
189,SWDELI041
190,SWDELI042
191,SWDELI043
192,SWDELI044
193,SWDELI045
194,SWDELI046
195,SWDELI047
196,SWBKRY001
197,SWBKRY002
198,SWBKRY003
199,SWBKRY004
200,SWBKRY005
201,SWBKRY006
202,SWBKRY007
203,SWBKRY008
204,SWBKRY009
205,SWBKRY010
206,SWBKRY011
207,SWBKRY012
208,SWBKRY013
209,SWBKRY014
210,SWBKRY015
211,SWBKRY016
212,SWBKRY017
213,SWBKRY018
214,SWBKRY019
215,SWBKRY020
216,SWBKRY021
217,SWBKRY022
218,SWBKRY023
219,SWBKRY024
220,SWBKRY025
221,SWBKRY026
222,SWBKRY027
223,SWBKRY028
224,SWBKRY029
225,SWBKRY030
226,SWBKRY031
227,SWBKRY032
228,SWBKRY033
229,SWBKRY034
230,SWBKRY035
231,SWBKRY036
232,SWBKRY037
233,SWBKRY038
234,SWBKRY039
235,SWBKRY040
236,SWBKRY041
237,SWBKRY042
238,SWBKRY043
239,SWBKRY044
240,SWBKRY045
241,SWBKRY046
242,SWBKRY047
243,SWBKRY048
244,SWBKRY049
245,SWBKRY050
246,SWBKRY051
247,SWBKRY052
248,SWBKRY053
249,SWBKRY054
250,SWBKRY055
251,SWBKRY056
252,SWBKRY057
253,SWBKRY058
254,SWBKRY059
255,SWBKRY060
256,SWBKRY061
257,SWBKRY062
258,SWBKRY063
259,IMDAIR001
260,IMDAIR002
261,IMDAIR003
262,IMDAIR004
263,IMDAIR005
264,IMDAIR006
265,IMDAIR007
266,IMDAIR008
267,IMDAIR009
268,IMDAIR010
269,IMDAIR011
270,IMDAIR012
271,IMDAIR013
272,IMDAIR014
273,IMDAIR015
274,IMDAIR016
275,IMDAIR017
276,IMDAIR018
277,IMDAIR019
278,IMDAIR020
279,IMDAIR021
280,IMDAIR022
281,IMDAIR023
282,IMDAIR024
283,IMDAIR025
284,IMDAIR026
285,IMDAIR027
286,IMDAIR028
287,IMDAIR029
288,IMDAIR030
289,IMDAIR031
290,IMDAIR032
291,IMDAIR033
292,IMDAIR034
293,IMDAIR035
294,IMDAIR036
295,IMDAIR037
296,IMDAIR038
297,SWFRSH001
298,SWFRSH002
299,SWFRSH003
300,SWFRSH004
301,SWFRSH005
302,SWFRSH006
303,SWFRSH007
304,SWFRSH008
305,SWFRSH009
306,SWFRSH010
307,SWFRSH011
308,SWFRSH012
309,SWFRSH013
310,SWFRSH014
311,SWFRSH015
312,SWFRSH016
313,SWFRSH017
314,SWFRSH018
315,SWFRSH019
316,SWFRSH020
317,SWFRSH021
318,SWFRSH022
319,SWFRSH023
320,SWFRSH024
321,SWFRSH025
322,SWFRSH026
323,SWFRSH027
324,SWFRSH028
325,SWFRSH029
326,SWFRSH030
327,SWFRSH031
328,SWFRSH032
329,SWFRSH033
330,SWFRSH034
331,SWFRSH035
332,SWFRSH036
333,SWFRSH037
334,SWFRSH038
335,SWFRSH039
336,SWFRSH040
337,SWFRSH041
338,SWFRSH042
339,SWFRSH043
340,SWFRSH044
341,SWFRSH045
342,SWFRSH046
343,SWFRSH047
344,SWFRSH048
345,SWFRSH049
346,SWFRSH050
347,SWFRSH051
348,SWFRSH052
349,SWFRSH053
350,SWFRSH054
351,SWFRSH055
352,SWFRSH056
353,SWFRSH057
354,SWFRSH058
355,SWFRSH059
356,SWFRSH060
357,SWFRSH061
358,SWFRSH062
359,SWFRSH063
360,SWFRSH064
361,SWFRSH065
362,SWFRSH066
363,SWFRSH067
364,SWFRSH068
365,SWFRSH069
366,SWFRSH070
367,SWFRSH071
368,SWFRSH072
369,SWFRSH073
370,SWFRSH074
371,SWFRSH075
372,SWFRSH076
373,SWFRSH077
374,SWFRSH078
375,SWFRSH079
376,SWFRSH080
377,SWFRSH081
378,SWFRSH082
379,SWFRSH083
380,SWFRSH084
381,SWFRSH085
382,SWFRSH086
383,SWFRSH087
384,SWFRSH088
385,SWFRSH089
386,SWFRSH090
387,SWFRSH091
388,SWFRSH092
389,SWFRSH093
390,SWFRSH094
391,SWFRSH095
392,SWFRSH096
393,SWFRSH097
394,SWFRSH098
395,SWFRSH099
396,SWFRSH100
397,SWFRSH101
398,SWFRSH102
399,SWFRSH103
400,SWFRSH104
401,SWFRSH105
402,SWFRSH106
403,SWFRSH107
404,SWFRSH108
405,SWFRSH109
406,SWFRSH110
407,SWFRSH111
408,SWFRSH112
409,SWFRSH113
410,SWFRSH114
411,SWFRSH115
412,SWFRSH116
413,SWFRSH117
414,SWFRSH118
415,SWFRSH119
416,SWFRSH120
417,SWFRSH121
418,SWFRSH122
419,SWFRSH123
420,SWFRSH124
421,SWFRSH125
422,SWFRSH126
423,SWFRSH127
424,SWFRSH128
425,SWFRSH129
426,SWFRSH130
427,SWFRSH131
428,SWFRSH132
429,SWFRSH133
430,SWFRSH134
431,SWFRSH135
432,SWFRSH136
433,SWFRSH137
434,SWFRSH138
435,SWFRSH139
436,SWFRSH140
437,SWFRSH141
438,SWFRSH142
439,SWFRSH143
440,SWFRSH144
441,SWFRSH145
442,SWFRSH146
443,SWFRSH147
444,SWFRSH148
445,SWFRSH149
446,SWFRSH150
447,SWFRSH151
448,SWFRSH152
449,SWFRSH153
450,SWFRSH154
451,SWFRSH155
452,SWFRSH156
453,SWFRSH157
454,SWFRSH158
455,SWFRSH159
456,SWFRSH160
457,SWFRSH161
458,SWFRSH162
459,SWFRSH163
460,SWFRSH164
461,SWFRSH165
462,SWFRSH166
463,SWFRSH167
464,SWFRSH168
465,SWFRSH169
466,SWFRSH170
467,SWFRSH171
468,SWFRSH172
469,SWFRSH173
470,SWFRSH174
471,SWFRSH175
472,SWFRSH176
473,SWFRSH177
474,SWFRSH178
475,SWFRSH179
476,SWFRSH180
477,SWFRSH181
478,SWFRSH182
479,SWFRSH183
480,SWFRSH184
481,SWFRSH185
482,SWFRSH186
483,SWFRSH187
484,SWFRSH188
485,SWFRSH189
486,SWFRSH190
487,SWFRSH191
488,SWFRSH192
489,SWFRSH193
490,SWFRSH194
491,SWFRSH195
492,SWFRSH196
493,SWFRSH197
494,SWFRSH198
495,SWFRSH199
496,SWFRSH200
497,SWFRSH201
498,SWFRSH202
499,SWFRSH203
500,SWFRSH204
501,SWFRSH205
502,SWFRSH206
503,IMDRYG001
504,IMDRYG002
505,IMDRYG003
506,IMDRYG004
507,IMDRYG005
508,IMDRYG006
509,IMDRYG007
510,IMDRYG008
511,IMDRYG009
512,IMDRYG010
513,IMDRYG011
514,IMDRYG012
515,IMDRYG013
516,IMDRYG014
517,IMDRYG015
518,IMDRYG016
519,IMDRYG017
520,IMDRYG018
521,IMDRYG019
522,IMDRYG020
523,IMDRYG021
524,IMDRYG022
525,IMDRYG023
526,IMDRYG024
527,IMDRYG025
528,IMDRYG026
529,IMDRYG027
530,IMDRYG028
531,IMDRYG029
532,IMDRYG030
533,IMDRYG031
534,IMDRYG032
535,IMDRYG033
536,IMDRYG034
537,IMDRYG035
538,IMDRYG036
539,IMDRYG037
540,IMDRYG038
541,IMDRYG039
542,IMDRYG040
543,IMDRYG041
544,IMDRYG042
545,IMDRYG043
546,IMDRYG044
547,IMDRYG045
548,IMDRYG046
549,IMDRYG047
550,IMDRYG048
551,IMDRYG049
552,IMDRYG050
553,IMDRYG051
554,IMDRYG052
555,IMDRYG053
556,IMDRYG054
557,IMDRYG055
558,IMDRYG056
559,IMDRYG057
560,IMDRYG058
561,IMDRYG059
562,IMDRYG060
563,IMDRYG061
564,IMDRYG062
565,IMDRYG063
566,IMDRYG064
567,IMDRYG065
568,IMDRYG066
569,IMDRYG067
570,IMDRYG068
571,IMDRYG069
572,IMDRYG070
573,IMDRYG071
574,IMDRYG072
575,IMDRYG073
576,IMDRYG074
577,IMDRYG075
578,IMDRYG076
579,IMDRYG077
580,IMDRYG078
581,IMDRYG079
582,IMDRYG080
583,IMDRYG081
584,IMDRYG082
585,IMDRYG083
586,IMDRYG084
587,IMDRYG085
588,IMDRYG086
589,IMDRYG087
590,IMDRYG088
591,IMDRYG089
592,IMDRYG090
593,IMDRYG091
594,IMDRYG092
595,IMDRYG093
596,IMDRYG094
597,IMDRYG095
598,IMDRYG096
599,IMDRYG097
600,IMDRYG098
601,IMDRYG099
602,IMDRYG100
603,IMDRYG101
604,IMDRYG102
605,IMDRYG103
606,IMDRYG104
607,IMDRYG105
608,IMDRYG106
609,IMDRYG107
610,IMDRYG108
611,IMDRYG109
612,IMDRYG110
613,IMDRYG111
614,IMDRYG112
615,IMDRYG113
616,IMDRYG114
617,IMDRYG115
618,IMDRYG116
622,IMDRYG120
623,IMDRYG121
624,IMDRYG122
625,IMDRYG123
626,IMDRYG124
627,IMDRYG125
628,IMDRYG126
629,IMDRYG127
630,IMDRYG128
631,IMDRYG129
632,IMDRYG130
633,IMDRYG131
634,IMDRYG132
635,IMDRYG133
636,IMDRYG134
637,IMDRYG135
638,IMDRYG136
639,IMDRYG137
640,IMDRYG138
641,IMDRYG139
642,IMDRYG140
643,IMDRYG141
644,IMDRYG142
645,IMDRYG143
646,IMDRYG144
647,IMDRYG145
648,IMDRYG146
649,IMDRYG147
650,IMDRYG148
651,IMDRYG149
652,IMDRYG150
653,IMDRYG151
654,IMDRYG152
655,IMDRYG153
656,IMDRYG154
657,IMDRYG155
658,IMDRYG156
659,IMDRYG157
660,IMDRYG158
661,IMDRYG159
662,IMDRYG160
663,IMDRYG161
664,IMDRYG162
665,IMDRYG163
666,IMDRYG164
667,IMDRYG165
668,IMDRYG166
669,IMDRYG167
670,IMDRYG168
671,IMDRYG169
672,IMDRYG170
673,IMDRYG171
674,IMDRYG172
675,IMDRYG173
676,IMDRYG174
677,IMDRYG175
678,IMDRYG176
679,IMDRYG177
680,IMDRYG178
681,IMDRYG179
682,IMDRYG180
683,IMDRYG181
684,IMDRYG182
685,IMDRYG183
686,IMDRYG184
687,IMDRYG185
688,IMDRYG186
689,IMDRYG187
690,IMDRYG188
691,IMDRYG189
692,IMDRYG190
693,IMDRYG191
694,IMDRYG192
695,IMDRYG193
696,IMDRYG194
697,IMDRYG195
698,IMDRYG196
699,IMDRYG197
700,IMDRYG198
701,IMDRYG199
702,IMDRYG200
703,IMDRYG201
704,IMDRYG202
705,IMDRYG203
706,IMDRYG204
707,IMDRYG205
708,IMDRYG206
709,IMDRYG207
710,IMDRYG208
711,IMDRYG209
712,IMDRYG210
713,IMDRYG211
714,IMDRYG212
715,IMDRYG213
716,IMDRYG214
717,IMDRYG215
718,IMDRYG216
719,IMDRYG217
720,IMDRYG218
721,IMDRYG219
722,IMDRYG220
723,IMDRYG221
724,IMDRYG222
725,IMDRYG223
726,IMDRYG224
727,IMDRYG225
728,IMDRYG226
729,IMDRYG227
730,IMDRYG228
731,IMDRYG229
732,IMDRYG230
733,IMDRYG231
734,IMDRYG232
735,IMDRYG233
736,IMDRYG234
737,IMDRYG235
738,IMDRYG236
739,IMDRYG237
740,IMDRYG238
741,IMDRYG239
742,IMDRYG240
743,IMDRYG241
744,IMDRYG242
745,IMDRYG243
746,IMDRYG244
747,IMDRYG245
748,IMDRYG246
749,IMDRYG247
750,IMDRYG248
751,IMDRYG249
752,IMDRYG250
753,IMDRYG251
754,IMDRYG252
755,IMDRYG253
756,IMDRYG254
757,IMDRYG255
758,IMDRYG256
759,IMDRYG257
760,IMDRYG258
761,IMDRYG259
762,IMDRYG260
763,IMDRYG261
764,IMDRYG262
765,IMDRYG263
766,IMDRYG264
767,IMDRYG265
768,IMDRYG266
769,IMDRYG267
770,IMDRYG268
771,IMDRYG269
772,IMDRYG270
773,IMDRYG271
774,IMDRYG272
775,IMDRYG273
776,IMDRYG274
777,IMDRYG275
778,IMDRYG276
779,IMDRYG277
780,IMDRYG278
781,IMDRYG279
782,IMDRYG280
783,IMDRYG281
784,IMDRYG282
785,IMDRYG283
786,IMDRYG284
787,IMDRYG285
788,IMDRYG286
789,IMDRYG287
790,IMDRYG288
791,IMDRYG289
792,IMDRYG290
793,IMDRYG291
794,IMDRYG292
795,IMDRYG293
796,IMDRYG294
797,IMDRYG295
798,IMDRYG296
799,IMDRYG297
800,IMDRYG298
801,IMDRYG299
802,IMDRYG300
803,IMDRYG301
804,IMDRYG302
805,IMDRYG303
806,IMDRYG304
807,IMDRYG305
808,IMDRYG306
809,IMDRYG307
810,IMDRYG308
811,IMDRYG309
812,IMDRYG310
813,IMDRYG311
814,IMDRYG312
815,IMDRYG313
816,IMDRYG314
817,IMDRYG315
818,IMDRYG316
819,IMDRYG317
820,IMDRYG318
821,IMDRYG319
822,IMDRYG320
823,IMDRYG321
824,IMDRYG322
825,IMDRYG323
826,IMDRYG324
827,IMDRYG325
828,IMDRYG326
829,IMDRYG327
830,IMDRYG328
831,IMDRYG329
832,IMDRYG330
833,IMDRYG331
834,IMDRYG332
835,IMDRYG333
836,IMDRYG334
837,IMDRYG335
838,IMDRYG336
839,IMDRYG337
840,IMDRYG338
841,IMDRYG339
842,IMDRYG340
843,IMDRYG341
844,IMDRYG342
845,IMDRYG343
846,IMDRYG344
847,IMDRYG345
848,IMDRYG346
849,IMDRYG347
850,IMDRYG348
851,IMDRYG349
852,IMDRYG350
853,IMDRYG351
854,IMDRYG352
855,IMDRYG353
856,IMDRYG354
857,IMDRYG355
858,IMDRYG356
859,IMDRYG357
860,IMDRYG358
861,IMDRYG359
862,IMDRYG360
863,IMDRYG361
864,IMDRYG362
865,IMDRYG363
866,IMDRYG364
867,IMDRYG365
868,IMDRYG366
869,IMDRYG367
870,IMDRYG368
871,IMDRYG369
872,IMDRYG370
873,IMDRYG371
874,IMDRYG372
875,IMDRYG373
876,IMDRYG374
877,IMDRYG375
878,IMDRYG376
879,IMDRYG377
880,IMDRYG378
881,IMDRYG379
882,IMDRYG380
883,IMDRYG381
884,IMDRYG382
885,IMDRYG383
886,IMDRYG384
887,IMDRYG385
888,IMDRYG386
889,IMDRYG387
890,IMDRYG388
891,IMDRYG389
892,IMDRYG390
893,IMDRYG391
894,IMDRYG392
895,IMDRYG393
896,IMDRYG394
897,IMDRYG395
898,IMDRYG396
899,IMDRYG397
900,IMDRYG398
901,IMDRYG399
902,IMDRYG400
903,IMDRYG401
904,IMDRYG402
905,AMLOWN001
906,AMLOWN002
907,AMLOWN003
908,AMLOWN004
909,AMLOWN005
910,AMLOWN006
911,AMLOWN007
912,AMLOWN008
913,AMLOWN009
914,AMLOWN010
915,AMLOWN011
916,AMLOWN012
917,AMLOWN013
918,AMLOWN014
919,AMLOWN015
920,AMLOWN016
921,AMLOWN017
922,AMLOWN018
923,AMLOWN019
924,AMLOWN020
925,AMLOWN021
926,AMLOWN022
927,AMLOWN023
928,AMLOWN024
929,AMLOWN025
930,AMLOWN026
931,AMLOWN027
932,AMLOWN028
933,AMLOWN029
934,AMLOWN030
935,AMLOWN031
936,AMLOWN032
937,AMLOWN033
938,AMLOWN034
939,AMLOWN035
940,AMLOWN036
941,AMLOWN037
942,AMLOWN038
943,AMLOWN039
944,AMLOWN040
945,AMLOWN041
946,AMLOWN042
947,AMLOWN043
948,AMLOWN044
949,AMLOWN045
950,AMLOWN046
951,AMLOWN047
952,AMLOWN048
953,AMLOWN049
954,AMLOWN050
955,AMLOWN051
956,AMLOWN052
957,AMLOWN053
958,AMLOWN054
959,AMLOWN055
960,AMLOWN056
961,AMLOWN057
962,AMLOWN058
963,AMLOWN059
964,AMLOWN060
965,AMLOWN061
966,AMLOWN062
967,AMLOWN063
968,AMLOWN064
969,AMLOWN065
970,AMLOWN066
971,AMLOWN067
972,AMLOWN068
973,AMLOWN069
974,AMLOWN070
975,AMLOWN071
976,AMLOWN072
977,AMLOWN073
978,AMLOWN074
979,AMLOWN075
980,AMLOWN076
981,AMLOWN077
982,AMLOWN078
983,AMLOWN079
984,AMLOWN080
985,AMLOWN081
986,AMLOWN082
987,AMLOWN083
988,AMLOWN084
989,AMLOWN085
990,AMLOWN086
991,AMLOWN087
992,AMLOWN088
993,AMLOWN089
994,AMLOWN090
995,AMLOWN091
996,AMLOWN092
997,AMLOWN093
998,AMLOWN094
999,AMLOWN095
1000,AMLOWN096
1001,AMLOWN097
1002,AMLOWN098
1003,AMLOWN099
1004,AMLOWN100
1005,AMLOWN101
1006,AMLOWN102
1007,AMLOWN103
1008,AMLOWN104
1009,AMLOWN105
1010,AMLOWN106
1011,AMLOWN107
1012,AMLOWN108
1013,AMLOWN109
1014,AMLOWN110
1015,AMLOWN111
1016,AMLOWN112
1017,AMLOWN113
1018,AMLOWN114
1019,AMLOWN115
1020,AMLOWN116
1021,AMLOWN117
1022,AMLOWN118
1023,AMLOWN119
1024,AMLOWN120
1025,AMLOWN121
1026,AMLOWN122
1027,AMLOWN123
1028,AMLOWN124
1029,AMLOWN125
1030,AMLOWN126
1031,AMLOWN127
1032,AMLOWN128
1033,AMLOWN129
1034,AMLOWN130
1035,AMLOWN131
1036,AMLOWN132
1037,AMLOWN133
1038,AMLOWN134
1039,AMLOWN135
1040,AMLOWN136
1041,AMLOWN137
1042,AMLOWN138
1043,AMLOWN139
1044,AMLOWN140
1045,AMLOWN141
1046,AMLOWN142
1047,AMLOWN143
1048,AMLOWN144
1049,AMLOWN145
1050,AMLOWN146
1051,AMLOWN147
1052,AMLOWN148
1053,AMLOWN149
1054,AMLOWN150
1055,AMLOWN151
1056,AMLOWN152
1057,AMLOWN153
1058,AMLOWN154
1059,AMLOWN155
1060,AMLOWN156
1061,AMLOWN157
1062,AMLOWN158
1063,AMLOWN159
1064,AMLOWN160
1065,AMLOWN161
1066,AMLOWN162
1068,AMLOWN164
1069,AMLOWN165
1070,AMLOWN166
1071,AMLOWN167
1072,AMLOWN168
1073,AMLOWN169
1074,AMLOWN170
1075,AMLOWN171
1076,AMLOWN172
1077,AMLOWN173
1078,AMLOWN174
1079,AMLOWN175
1080,AMLOWN176
1081,AMLOWN177
1082,AMLOWN178
1083,AMLOWN179
1084,AMLOWN180
1085,AMLOWN181
1086,AMLOWN182
1087,AMLOWN183
1088,AMLOWN184
1089,AMLOWN185
1090,AMLOWN186
1091,AMLOWN187
1092,AMLOWN188
1093,AMLOWN189
1094,AMLOWN190
1095,AMLOWN191
1096,AMLOWN192
1097,AMLOWN193
1098,AMLOWN194
1099,AMLOWN195
1100,AMLOWN196
1101,AMLOWN197
1102,AMLOWN198
1103,AMLOWN199
1104,AMLOWN200
1105,AMLOWN201
1106,AMLOWN202
1107,AMLOWN203
1108,AMLOWN204
1109,AMLOWN205
1110,AMLOWN206
1111,AMLOWN207
1112,AMLOWN208
1113,AMLOWN209
1114,AMLOWN210
1115,AMLOWN211
1116,AMLOWN212
1117,AMLOWN213
1118,AMLOWN214
1119,AMLOWN215
1120,AMLOWN216
1121,AMLOWN217
1122,AMLOWN218
1123,AMLOWN219
1124,AMLOWN220
1125,AMLOWN221
1126,AMLOWN222
1127,AMLOWN223
1128,AMLOWN224
1129,AMLOWN225
1130,AMLOWN226
1131,AMLOWN227
1132,AMLOWN228
1133,AMLOWN229
1134,AMLOWN230
