1,1,Karin,Schneider,856-555-5555,kschneider@peltrunacorp.com
2,2,Sonya,Cottersfeld,267-555-5555,sonyac@hid.com
3,3,Jacob,Sawyer,302-555-5555,j.sawyer@gmicorp.net
4,4,Amber,Kyle,857-555-5555,akyle@hannovercompany.com
5,5,Tyler,Montgomery,614-555-5555,tmont@aandr.io
6,6,Sebastian,Turillio,952-555-5555,sturillio@gpdcorp.net
7,7,Connor,Dagata,602-555-5555,cdagata@swpdcorp.com
8,8,Melissa,Robison,928-555-5555,melissarob@greggorsonsupply.loc
9,9,Terry,Porter,661-555-5555,tporter@cortlandcorp.net
10,10,Michael,Lansbury,602-555-5555,mcreedfarm@freemail.fm
11,11,Anita,Ross,480-555-5555,ross@edgewaterfarmpp.io
12,12,Cynthia,Daniels,623-555-5555,danielsranch@freemail.fm
13,13,Donna,Parkinson,623-555-5556,donnap@wandererservice.loc
14,14,Wilson,Kuber,716-555-5555,wilkuber@thompsoncorp.io
15,15,Donna,Walters,360-555-5555,walterswheat@fmail.fm
16,16,Chris,Fulton,330-555-5555,chris.fulton@ivylanecorp.com
17,17,Christian,Stable,480-555-5555,stable@klinaramill.loc
18,18,John,Martin,513-555-5555,stanley@stanleygrainfield.com
19,19,Pauline,Anderson,509-555-5555,richardsonwheat@mol.com
20,20,Melissa,Duncan,580-555-5555,duncanrye@fmail.fm
21,21,Sean,Crunsby,610-555-5555,crunsby@nedairy.io
22,22,Deborah,Lyons,410-555-5555,dlyons@delanecorp.com
23,23,Nicola,Vega,602-555-5555,nicola.vega@phxbeer.com
24,24,Anderson,Fallon,602-555-5555,fallon@phxrrecorp.io