1,Peltruna European Fare,18 N Bagglo Street,Bridgeton,NJ,08302,856-555-5555,https://www.pef.io
2,Holande's International,238 Mayors Street,Philadelphia,PA,19093,267-555-5555,https://www.holandeinternational.io
3,Gourmet Markets Inc,1101 N Adams Street,Wilmington,DE,19801,302-555-5555,https://www.gmi.io
4,Hannover Distributors,29 Princeton Avenue,Chelsea,MA,02150,857-555-5555,https://www.hannoverdist.com
5,A & R Imports,1123 N 23rd Street,Columbus,OH,43215,614-555-5555,https://www.aandr.io
6,Goroski Premiere Distributors,1312 Northland Drive,Mendota Heights,MN,55120,952-555-5555,https://www.goroskipd.int
7,Southwest Produce Distribution Company Inc.,17502 W Glendale Avenue,Litchfield Park,AZ,85340,602-555-5555,https://www.swpdci.io
8,Martin Food & Supply Inc. ,3500 Gila Ridge Road,Yuma,AZ,85365,928-555-5555,https://martinsupply.loc
9,Cortland Premiere Wholesalers,7281 E Brundage Lane,Bakersfield,CA,93307,661-555-5555,https://cortlandpw.io
10,McReed Organic Farming,4795 E Osborn Road,Goodyear,AZ,85395,602-555-5555,https://www.mcreedfarm.loc
11,Edgewater Prime Pork,24610 S Rittenhouse Road,Queen Creek,AZ,85142,480-555-5555,https://www.edgewaterpp.io
12,Daniels & Daughters Ranch,30659 Lower River Road,Buckey,AZ,85326,623-555-5555,https://danielsranch.loc
13,Wanderer's Pasture Local Meats and Service,30414 W Peak View Road,Wittmann,AZ,85361,623-555-5556,https://wpmeatandservice.loc
14,Thompson Meat & Supply,1445 Clinton Street,Buffalo,NY,14206,716-555-5555,https://thompsonmeats.io
15,Walters Wheat & Grain,619 Staley Road,Pullman,WA,99163,360-555-5555,https://www.walterswheat.io
16,Ivy Lane Food Service Inc.,123 W Bartges Street,Akron,OH,44311,330-555-5555,https://www.ivylaneservice.loc
17,Klinara Organic Mill & Grainery,2500 W Rio Salado Parkway,Tempe,AZ,85281,480-555-5555,https://www.klinaramill.loc
18,Stanley Grain Fields ,4945 OH-73,Wilmington,OH,45177,513-555-5555,https://www.stanleygrainfield.com
19,Richardson Wheat Farm,9120 W Curtis Road,Cheney,WA,99004,509-555-5555,https://www.richardsonfarm.loc
20,Duncan Rye & Ancient Grains,7000 E 590 Road,Canton,OK,73724,580-555-5555,https://www.duncanryefarm.loc
21,New England Dairy Distributors,1531 N 21st Street,Allentown,PA,18104,610-555-5555,https://www.nedairy.io
22,Delane International Wines & Spirits,2400 North Point Road,Dundalk,MD,21222,410-555-5555,https://www.delaneinternational.com
23,Western Beer Imports,2233 S 7th Street,Phoenix,AZ,85034,602-555-5555,https://www.phxbeer.com
24,Phoenix Restaurant & Retail Emporium,2938 N 16th Street,Phoenix,AZ,85016,480-555-5555,https://www.phxrre.co