1,1,"minced pork, minced beef, minced bacon (pork belly, curing salt, sugar), brandy, honey, ground black peppercorns, curing salt"
2,2,"minced pork, minced beef, minced bacon (pork belly, curing salt, sugar), brandy, honey, ground black peppercorns, curing salt"
3,3,"minced pork, minced bacon (pork belly, curing salt, sugar), sugar, curing salt, paprika, ground black peppercorns"
4,4,"pork blood, pork brisket, curing salt, ground white peppercorns"
5,5,"pork blood, pork brisket, curing salt, ground white peppercorns"
6,6,"minced pork, minced pork belly, ground green peppercorns, ground mace, honey, sea salt"
7,7,"minced pork, minced pork belly, ground green peppercorns, ground mace, honey, sea salt"
8,8,"minced pork, curing salt, honey, dried thyme, dried parsley"
9,9,"minced pork, minced beef, curing salt, dried garlic, dried parsley, ground white peppercorns, honey"
10,10,"minced pork, minced beef, curing salt, dried garlic, dried parsley, ground white peppercorns, honey"
11,12,"minced pork, minced veal, sugar, curing salt, ground white peppercorns, paprika, honey"
12,13,"minced pork, minced beef, garlic, onions, ground black peppercorns, sugar"
13,14,"minced beef, minced pork, Emmental cheese, curing salt, sugar, ground white peppercorns"
14,15,"minced boar, minced veal, minced venison, curing salt, ground black peppercorns, garlic, dried marjoram, honey"
15,16,"minced pork, pork blood, pork rind, minced pork liver, curing salt, ground white peppercorns"
16,17,"minced pork, minced beef, curing salt, ground white peppercorns, caraway seeds, dried marjoram"
17,18,"minced pork, minced bacon, pork rind, curing salt, dried marjoram, caraway seeds"
18,19,"minced pork, minced pork belly, curing salt, caraway seeds"
19,20,"minced pork, pork liver, ground white peppercorns, dried marjoram, caraway seeds"
20,21,"minced beef, bacon (pork belly, curing salt, celery seeds, beech wood smoke), curing salt, sugar, dried marjoram, ground nutmeg, ground white peppercorns"
21,22,"minced beef, minced pork, Emmental cheese, curing salt, honey, ground white peppercorns"
22,23,"minced beef, minced pork, curing salt, sugar, ground white peppercorns, celery seeds"
23,24,"minced beef, minced bacon, minced pork belly, curing salt, ground mustard, ground nutmeg, dried garlic"
24,25,"minced pork, minced veal, pork rind, ground nutmeg, lemon zest, dried parsley, ground white peppercorns, sea salt"
25,26,"minced pork, minced veal, pork rind, ground nutmeg, lemon zest, ground white peppercorns, sea salt"
26,27,"minced pork, minced bacon, sea salt, ground mustard, dried onions, dried garlic"
27,28,"minced pork, minced veal, sea salt, ground celery seeds, ground mustard"
28,29,"minced pork, minced bacon, pork rind, ground nutmeg, dried parsley, ground black peppercorns"
29,30,"pork, sea salt, ground white peppercorns, garlic, caraway seeds, sugar"
30,31,"minced beef, minced pork, minced veal, sea salt, sugar, celery seed extract"
31,32,"minced pork, bacon (pork belly, curing salt, sugar, celery seeds), curing salt, celery seed extract, sugar, beech wood smoke"
32,33,"minced beef, minced veal, curing salt, ground black peppercorns, dried garlic, honey"
33,34,"minced pork, bacon (pork belly, curing salt, beech wood smoke), curing salt, sugar, ground black peppercorns, celery seeds"
34,35,"minced beef, minced bacon, pork belly, curing salt, honey, ground white peppercorns"
35,36,"minced pork, minced pork lung, minced bacon (pork belly, curing salt, sugar), dried garlic, dried onions, curing salt, celery seeds, caraway seeds, beech wood smoke"
36,37,"minced pork, oat groats, sea salt, dried onions, ground nutmeg, dried lemon zest, sugar"
37,38,"minced pork, oat groats, sea salt, dried onions, ground nutmeg, dried lemon zest, sugar"
38,39,"minced bacon, pork blood, whole grain rye meal, curing salt, ground black peppercorns, ground allspice, ground nutmeg, dried onions, celery seeds"
39,40,"minced pork, minced bacon (pork belly, curing salt, ground mustard, sugar), curing salt, celery seed extract, ground mustard, sugar"
40,41,"minced pork, pork rind, curing salt, sugar, garlic, celery seeds, beech wood smoke"
41,42,"minced pork, curing salt, ground mustard, celery seeds, caraway seeds"
42,43,"minced pork, minced beef, Emmental cheese, pork rind, curing salt, celery seeds, honey, ground green peppercorns"
43,44,"minced pork, salami, Emmental cheese, green bell pepper, red bell pepper, paprika, dried oregano, dried thyme, curing salt, honey"
44,45,"minced pork, minced pork, curing salt, sugar, ground black peppercorns, beech wood smoke"
45,46,"minced pork, minced pork belly, ground white peppercorns, garlic, dried marjoram, ground allspice"
46,47,"minced pork, curing salt, celery seeds, sugar"
47,48,"minced pork, minced pork belly, curing salt, garlic, onions, beech wood smoke"
48,49,"minced beef, minced pork, dried garlic, dried onions, sea salt, sugar, ground white peppercorns"
49,50,"minced pork, minced bacon, dried garlic, dried onions, celery seeds, sea salt, sugar, ground white peppercorns"
50,51,"minced pork, curing salt, celery seeds, mustard seeds, black peppercorns, beech wood smoke"
51,52,"minced pork, cumin seeds, mustard seeds, black peppercorns, green peppercorns, sugar, curing salt"
52,53,"minced pork, lemon zest, dried marjoram, curing salt, ground green peppercorns"
53,54,"minced pork, ground cumin, garam masala, curing salt, ground green peppercorns"
54,55,"minced pork, minced beef, curing salt, ground allspice, garlic, onions, green peppercorns"
55,56,"minced pork, curing salt, celery seeds, ground black peppercorns, hardwood smoke"
56,57,"minced pork, minced bacon, minced onions, sea salt, garlic powder, celery seeds, sugar"
57,58,"minced pork, minced bacon, sea salt, minced onions, ground white peppercorns, ground cloves, ground allspice"
58,59,"minced pork, minced beef, minced pork belly, sea salt, sugar, ground mustard, ground celery seeds, ground white peppercorns"
59,60,"minced pork liver, minced pork, minced beef, minced bacon, sea salt, ground mustard, ground celery seeds, ground white peppercorns"
60,61,"minced pork, bacon, minced pork rind, pork blood, sea salt, barley groats, dried marjoram, dried onions, ground green peppercorns"
61,62,"minced beef, minced onions, barley groats, sea salt, celery seeds, ground black peppercorns, honey, dried thyme, dried parsley"
62,63,"minced pork, minced pork liver, sea salt, honey, ground nutmeg, dried marjoram, ground white peppercorns"
63,64,"pasteurized milk, cheese cultures, cream, sea salt, rennet enzymes"
64,65,"pasteurized milk, sea salt, cheese cultures, rennet enzymes"
65,66,"pasteurized milk, sea salt, cheese cultures, rennet enzymes"
66,67,"pasteurized milk, sea salt, cheese cultures, rennet enzymes"
67,68,"pasteurized milk, sea salt, cheese cultures, rennet enzymes, beech wood smoke"
68,69,"pasteurized milk, cheese cultures, cream, sea salt, rennet enzymes"
69,70,"pasteurized milk, sea salt, cheese cultures, rennet enzymes"
70,71,"pasteurized milk, sea salt, cheese cultures, rennet enzymes"
71,72,"pasteurized milk, sea salt, red wine, cheese cultures, rennet enzymes"
72,73,"pasteurized milk, sea salt, cheese cultures, rennet enzymes"
73,74,"pasteurized milk, sea salt, cheese cultures, rennet enzymes"
74,75,"pasteurized milk, sea salt, cheese cultures, rennet enzymes"
75,76,"pasteurized milk, sea salt, cheese cultures, rennet enzymes"
76,77,"pasteurized milk, sea salt, cheese cultures, rennet enzymes"
77,78,"pasteurized milk, sea salt, cheese cultures, rennet enzymes, penicillium roqueforti"
78,79,"pasteurized milk, sea salt, cheese cultures, rennet enzymes"
79,80,"sour milk curd, cheese cultures, sea salt"
80,81,"sour milk curd, cheese cultures, sea salt, caraway seeds"
81,82,"sour milk curd, cheese cultures, sea salt"
82,83,"pasteurized milk, sea salt, cheese cultures, rennet enzymes"
83,84,"pasteurized milk, sea salt, cheese cultures, rennet enzymes"
84,85,"pasteurized milk, sea salt, cheese cultures, rennet enzymes"
85,86,"pasteurized milk, sea salt, cheese cultures, rennet enzymes"
86,87,"pasteurized milk, sea salt, cheese cultures, rennet enzymes"
87,88,"pasteurized milk, sea salt, cheese cultures, rennet enzymes"
88,89,"pasteurized milk, sea salt, cheese cultures, rennet enzymes"
89,90,"pasteurized milk, sea salt, cheese cultures, rennet enzymes"
90,91,"pork belly, curing salt, honey, ground mustard, celery seed extract, beech wood smoke"
91,92,"pork belly, curing salt, ground black peppercorns, beech wood smoke"
92,93,"pork belly, curing salt, honey, ground mustard, celery seed extract, beech wood smoke"
93,94,"pork belly, curing salt, honey, ground mustard, celery seed extract, beech wood smoke"
94,95,"pork, curing salt, sugar, ground pink peppercorns"
95,96,"minced pork, minced pork liver, pork blood, minced bacon, curing salt, ground white peppercorns, ground mustard, sugar"
96,97,"bacon, pork lard, onions, apples, pork rind, sea salt, honey, ground white peppercorns"
97,98,"pork, curing salt, sugar, beech wood smoke"
98,99,"pork, curing salt, sugar, beech wood smoke"
99,100,"pork, curing salt, ground black peppercorns, ground caraway seeds, ground dried juniper, garlic powder, honey, beech wood smoke"
100,101,"potatoes, refined wheat flour, water, butter, sea salt, minced wildwurst, dried thyme, dried parsley"
101,102,"minced pork, minced bacon, minced pork rind, pork blood, minced onions, sea salt, ground white peppercorns, ground mustard"
102,103,"minced pork, minced bacon, minced onions, sea salt, dried marjoram, ground caraway seeds"
103,104,"minced pork, curing salt, water, pork gelatin, sugar, ground mustard, ground white peppercorns"
104,105,"minced pork, minced pork liver, minced bacon, water, minced onions, sea salt, ground white peppercorns, ground marjoram, ground caraway seeds"
105,106,"diced bacon, pork lard, sea salt, minced onions, garlic powder, ground white peppercorns, sugar"
106,107,"diced bacon, pork lard, pork rind, minced apples, dried apples, minced onions, sea salt, sugar, ground black peppercorns, dried lemon zest"
107,108,"diced bacon, pork lard, pork rind, dried parsley, dried thyme, dried dill, dried marjoram, minced onions, sea salt, sugar, garlic powder, ground black peppercorns"
108,109,"diced bacon, pork lard, pork rind, minced onions, curry spice, ground cumin, ground black peppercorns, sugar"
109,110,"diced bacon, pork lard, pork rind, minced onions, minced scallions, minced leeks, sea salt, dried parsley, sugar"
110,111,"minced pork, minced beef, curing salt, honey, ground green peppercorns, ground cumin"
111,112,"minced pork, minced beef, diced Emmental cheese, curing salt, dried onions, dried garlic, honey"
112,113,"minced pork, minced beef, minced bacon, curing salt, dried onions, beech wood smoke"
113,114,"minced pork, minced beef, curing salt, ground mustard, celery seed extract"
114,115,"minced pork, minced beef, curing salt, ground mustard, celery seed extract"
115,116,"minced pork, minced beef, curing salt, diced ham, sugar, diced green bell pepper, diced red bell pepper, ground mustard, celery seed extract"
116,117,"minced pork, minced beef, curing salt, diced ham, sugar, diced green bell pepper, diced red bell pepper, ground mustard, celery seed extract"
117,118,"minced pork, minced bacon, water, sea salt, ground black peppercorns, diced onions, garlic powder"
118,119,"minced pork, minced veal, minced pork liver, water, sea salt, dried parsley, dried marjoram, ground nutmeg, ground white peppercorns"
119,120,"pork, curing salt, dried juniper berries, ground allspice, ground mustard, ground coriander, fir wood smoke"
120,121,"pork, curing salt, dried juniper berries, ground allspice, ground mustard, ground coriander, fir wood smoke"
121,122,"minced pork, minced pork liver, minced bacon, water, diced onions, dried cranberries, sea salt, ground mustard, ground black peppercorns"
122,123,"minced pork, minced pork liver, minced bacon, water, diced onions, diced apples, sea salt, ground mustard, ground coriander, ground black peppercorns"
123,124,"diced smoked ham, diced bacon, carrots, mushrooms, onions, peas, pork gelatin, sea salt, water"
124,125,"diced bacon, minced pork, water, sea salt, ground mace, diced onions, ground mustard, ground white peppercorns"
125,126,"chopped ham, minced pork, minced bacon, curing salt, mustard seeds, pistachios, honey"
126,127,"chopped ham, minced pork, minced bacon, curing salt, mustard seeds, pistachios, honey"
127,128,"minced pork, minced beef, minced pork belly, sea salt, sugar, ground mustard, ground celery seeds, ground white peppercorns"
128,129,"minced pork, minced bacon, sea salt, diced red bell pepper, diced green bell pepper, sugar, ground mustard, ground celery seeds, ground white peppercorns"
129,130,"pork, curing salt, honey, ground white peppercorns, ground mustard, ground celery seeds"
130,131,"minced pork, minced beef, minced bacon, curing salt, ground black peppercorns, dried garlic, celery seed extract"
131,132,"minced pork, diced pork tongue, curing salt, pistachios, ground green peppercorns, ground mustard"
132,133,"minced pork liver, minced pork, minced beef, minced bacon, water, sea salt, ground mustard, ground celery seeds, ground white peppercorns"
133,134,"minced pork liver, minced pork, minced bacon, water, sea salt, ground mustard, ground celery seeds, ground white peppercorns"
134,135,"minced pork, diced pork, minced pork rind, diced pork cheeks, pork blood, sea salt, ground mustard, dried marjoram, ground black peppercorns"
135,136,"minced pork, diced pork, minced pork rind, diced pork cheeks, pork blood, water, sea salt, ground mustard, dried marjoram, ground black peppercorns"
136,137,"minced pork, diced pork, minced pork rind, diced pork cheeks, sea salt, diced onions, ground mustard, dried marjoram, ground black peppercorns, ground nutmeg"
137,138,"minced pork, diced pork, minced pork rind, diced pork cheeks, sea salt, diced onions, water, ground mustard, dried marjoram, ground black peppercorns, ground nutmeg"
138,139,"whole pork tongues, minced bacon, minced pork rind, pork blood, curing salt, ground nutmeg, ground mace, ground black peppercorns"
139,140,"diced pork tongue, minced bacon, minced pork rind, pork blood, water, curing salt, ground nutmeg, ground mace, ground black peppercorns"
140,141,"diced cured pork, brandy wine vinegar, pork stock, sea salt, dried bay leaves, ground white peppercorns, sugar, gelatin"
141,142,"diced cured pork, brandy wine vinegar, pork stock, sea salt, dried bay leaves, ground white peppercorns, sugar, gelatin"
142,143,"diced cured pork head meat, brandy wine vinegar, pork stock, sea salt, dried bay leaves, ground white peppercorns, sugar, gelatin"
143,144,"diced cured pork head meat, brandy wine vinegar, pork stock, sea salt, dried bay leaves, ground white peppercorns, sugar, gelatin"
144,145,"minced pork, bacon, minced pork rind, pork blood, water, sea salt, barley groats, dried marjoram, diced onions, ground green peppercorns"
145,146,"minced pork, minced pork liver, water, sea salt, honey, ground nutmeg, dried marjoram, ground white peppercorns"
146,147,"goose fat, diced apples, diced onions, pork lard, sea salt, ground white peppercorns"
147,148,"ripened Camembert, unsalted butter, sweet paprika, heavy cream, sea salt, diced scallions, caraway seeds, ground green peppercorns"
148,149,"minced pork, russet potatoes, kosher salt, ground black peppercorns, ground nutmeg, fresh sage, fresh parsley, natural pork casing"
149,150,"minced pork, minced beef, ground white peppercorns, kosher salt, granulated cane sugar, fresh marjoram, caraway seeds, fennel seeds, ground nutmeg, ground allspice, natural pork casing"
150,151,"minced pork, fennel seeds, fresh sage, caraway seeds, brown sugar, kosher salt, ground white peppercorns, natural pork casing"
151,152,"minced pork, bacon, water, kosher salt, yellow onions, caraway seeds, ground black peppercorns, natural pork casing"
152,153,"minced chicken, ground black peppercorns, fresh marjoram, fresh parsley, natural sheep casing"
153,154,"pork belly, curing salt, brown sugar, hickory wood smoke"
154,155,"pork belly, curing salt, ground black peppercorns, ground pink peppercorns, ground green peppercorns, ground white peppercorns, hickory wood smoke"
155,156,cubed beef neck
156,157,cubed veal neck
157,158,cubed pork shoulder
158,159,cubed beef chuck
159,160,"minced pork, minced beef"
160,161,"beef rump roast, apple cider vinegar, beef stock, white onions, dried juniper berries, allspice berries, black peppercorns, coriander seeds, mustard seeds, dried bay leaves"
161,162,"chicken thighs, pork neck, beef chuck, kielbasa"
162,163,"pierogi dough (refined wheat flour, kosher salt, water), minced pork, green cabbage, yellow onions, canola oil, kosher salt, ground black peppercorns, ground nutmeg"
163,164,"red potatoes, fresh chives, bacon, canola oil, apple cider vinegar, granulated cane sugar, kosher salt, ground black peppercorns"
164,165,"red potatoes, fresh chives, bacon, canola oil, apple cider vinegar, granulated cane sugar, kosher salt, ground black peppercorns"
165,166,"Yukon gold potatoes, housemade mayonnaise (canola oil, egg yolks, white wine vinegar, kosher salt, ground white peppercorns), kosher salt, ground  black peppercorns, fresh parsley, fresh chives, fresh dried dill"
166,167,"Yukon gold potatoes, housemade mayonnaise (canola oil, egg yolks, white wine vinegar, kosher salt, ground white peppercorns), kosher salt, ground  black peppercorns, fresh parsley, fresh chives, fresh dried dill"
167,168,"Yukon gold potatoes, whole grain mustard, white wine vinegar, granulated cane sugar, dried parsley, kosher salt, ground black peppercorns"
168,169,"Yukon gold potatoes, whole grain mustard, white wine vinegar, granulated cane sugar, dried parsley, kosher salt, ground black peppercorns"
169,170,"red potatoes, red onions, gherkins, red wine vinegar, beef stock (beef bones, beef rump, yellow onions, carrots, celery), canola oil, fresh chives, kosher salt, ground black peppercorns"
170,171,"red potatoes, red onions, gherkins, red wine vinegar, beef stock (beef bones, beef rump, yellow onions, carrots, celery), canola oil, fresh chives, kosher salt, ground black peppercorns"
171,172,"rotini pasta, lyoner sausage, gherkins, peas, housemade mayonnaise (canola oil, egg yolks, white vinegar, kosher salt, ground white peppercorns), kosher salt, ground black peppercorns"
172,173,"egg noodles, knockwurst, hardboiled eggs, gherkins, housemade mayonnaise (canola oil, egg yolks, white wine vinegar, kosher salt, ground white peppercorns), whole grain mustard, fresh parsley, fresh tarragon, kosher salt, ground black peppercorns"
173,174,"roma tomatoes, hardboiled eggs, bacon, cucumber, house vinaigrette (canola oil, apple cider vinegar, whole grain mustard, granulated cane sugar), fresh tarragon, fresh parsley, ground black peppercorns, kosher salt"
174,175,"green beans, bacon, yellow onion, house vinaigrette (canola oil, apple cider vinegar, whole grain mustard, sugar), fresh tarragon, ground black peppercorns, kosher salt"
175,176,"shredded green cabbage, shredded carrot, fresh chives, house sauce (buttermilk, heavy cream, sugar, celery seeds)"
176,177,"diced lyoner sausage, bacon, hardboiled eggs, house mayonnaise (canola oil, egg yolks, white wine vinegar, kosher salt, ground white peppercorns), yellow onion, diced gherkins, kosher salt, ground black peppercorns"
177,178,"watermelon, cantaloupe, honeydew, fresh mint, white balsamic vinegar, granulated cane sugar"
178,179,"watermelon, cantaloupe, honeydew, fresh mint, white balsamic vinegar, granulated cane sugar"
179,180,"sliced bananas, blueberries, strawberries, granulated cane sugar"
180,181,"sliced bananas, blueberries, strawberries, granulated cane sugar"
181,182,"russet potatoes, scallions, sour cream, heavy cream, caraway seeds, fresh parsley, kosher salt, ground black peppercorns"
182,183,"house-rendered pork lard, bacon, Granny Smith apples, yellow onions, granulated cane sugar, kosher salt, ground black peppercorns"
183,184,"roasted roma tomatoes, red onions, bacon, sour cream, cream cheese, kosher salt"
184,185,"yellow onions, bacon, granulated cane sugar, mustard seeds, kosher salt"
185,186,"honeycrisp apples, white onions, golden raisins, fresh ginger, sugar, kosher salt"
186,187,"shredded ham, sour cream, horseradish, scallions, kosher salt, ground black peppercorns"
187,188,"breadcrumbs (refined unbleached wheat flour, baking powder, water, dried yeast), egg yolks, eggs, heavy cream, yellow onions, carrots, peas, green beans, russet potatoes, kosher salt, ground white pepepr"
188,189,"Camembert, cream cheese, unsalted butter, scallions, fresh chives, fresh parsley, kosher salt"
189,190,cubed rauchkäse
190,191,cubed butterkäse
191,192,"unsalted butter, fresh parsley, fresh marjoram, fresh chives, fresh tarragon, kosher salt"
192,193,"unsalted butter, hickory wood smoke, kosher salt"
193,194,"unsalted butter, clover honey, ground cinnamon, kosher salt"
194,195,"bacon, yellow onions, sour cream, heavy cream, fresh parsley, kosher salt, ground black peppercorns"
195,196,"refined unbleached wheat flour, whole milk, buttermilk, dried yeast, clover honey, kosher salt"
196,197,"refined unbleached wheat flour, whole grain wheat flour, whole grain rye flour, buttermilk, dried yeast, clover honey, kosher salt, caraway seeds, fennel seeds, coriander seeds"
197,198,"whole grain rye flour, whole grain wheat flour, rye berries, dried yeast, clover honey, water, kosher salt"
198,199,"refined unbleached wheat flour, whole grain rye flour, dried yeast, clover honey, water, kosher salt"
199,200,"refined unbleached wheat flour, whole grain rye flour, dried yeast, clover honey, water, kosher salt"
200,201,"refined spelt flour, dried yeast, clover honey, water, kosher salt"
201,202,"whole grain spelt flour, dried yeast, clover honey, water, kosher salt"
202,203,"russet potatoes, refined unbleached wheat flour, dried yeast, clover honey, whole milk, kosher salt"
203,204,"refined unbleached wheat flour, dried yeast, clover honey, milk, kosher salt, white sesame seeds, black sesame seeds"
204,205,"refined unbleached wheat flour, whole grain wheat flour, dried yeast, clover honey, whole milk, kosher salt, whole oats, barley groats, rye berries"
205,206,"whole grain rye flour, refined unbleached wheat flour, dried yeast, clover honey, water, kosher salt"
206,207,"refined rye flour, refined unbleached wheat flour, dried yeast, clover honey, water, kosher salt"
207,208,"refined unbleached wheat flour, unsalted butter, dried yeast, water, sodium hydroxide, kosher salt"
208,209,"refined unbleached wheat flour, dried yeast, clover honey, whole milk, kosher salt, caraway seeds"
209,210,"refined unbleached wheat flour, whole grain wheat flour, dried yeast, clover honey, water, kosher salt, pumpkin seeds"
210,211,"refined unbleached wheat flour, refined spelt flour, dried yeast, clover honey, water, kosher salt, sunflower seeds"
211,212,"refined unbleached wheat flour, whole grain rye flour, dried yeast, clover honey, water, kosher salt, whole grain oats, almonds, sunflower seeds, pumpkin seeds, white sesame seeds, black sesame seeds, poppy seeds"
212,213,"refined unbleached wheat flour, refined spelt flour, unsalted butter, raisins, dried cherries, dried yeast, clover honey, whole milk, kosher salt, whole grain oats"
213,214,"refined unbleached wheat flour, refined rye flour, dried yeast, dark ale, clover honey, kosher salt, caraway seeds, coriander seeds"
214,215,"refined unbleached wheat flour, caster sugar, unsalted butter, eggs, vanilla extract, sunflower oil, kosher salt, powdered sugar, water"
215,216,"refined unbleached wheat flour, dried yeast, unsalted butter, caster sugar, whole milk, ground cinnamon"
216,217,"refined unbleached wheat flour, dried yeast, unsalted butter, caster sugar, Granny Smith apples, whole milk, ground cinnamon"
217,218,"refined unbleached wheat flour, dried yeast, unsalted butter, caster sugar, whole milk, ground cinnamon, almond meal, ground hazelnuts, almond extract, powdered sugar, water"
218,219,"refined unbleached wheat flour, dried yeast, unsalted butter, caster sugar, whole milk, ground cinnamon, poppy seeds, vanilla extract, powdered sugar, water"
219,220,"refined unbleached wheat flour, dried yeast, unsalted butter, caster sugar, whole milk, ground cinnamon, orange zest, powdered sugar, water"
220,221,"refined unbleached wheat flour, unsalted butter, caster sugar, kosher salt, quark curd, lemon zest, lemon juice, caster sugar, powdered sugar"
221,222,"refined unbleached wheat flour, unsalted butter, caster sugar, heavy cream, kosher salt, strawberries, caster sugar, apple pectin, powdered sugar"
222,223,"refined unbleached wheat flour, dried yeast, unsalted butter, caster sugar, whole milk, raspberries, caster sugar, apple pectin, lemon zest, sunflower oil, powdered sugar"
223,224,"refined unbleached pastry wheat flour, cocoa powder, caster sugar, baking powder, eggs, whole milk, unsalted butter, vanilla extract, cherry filling (pitted cherries, caster sugar, lemon zest, apple pectin), heavy cream, maraschino cherries, powdered sugar, water, cocoa shavings"
224,225,"refined unbleached pastry wheat flour, cocoa powder, caster sugar, baking powder, eggs, whole milk, unsalted butter, vanilla extract, cherry filling (pitted cherries, caster sugar, lemon zest, apple pectin), heavy cream, maraschino cherries, powdered sugar, water, cocoa shavings"
225,226,"cream cheese, quark curd, caster sugar, eggs, heavy cream, almond extract, gingersnap crumbs (refined unbleached wheat flour, unsalted butter, ground ginger, ground cloves, caster sugar, kosher salt, water), unsalted butter"
226,227,"cream cheese, quark curd, caster sugar, eggs, heavy cream, almond extract, gingersnap crumbs (refined unbleached wheat flour, unsalted butter, ground ginger, ground cloves, caster sugar, kosher salt, water), unsalted butter"
227,228,"refined unbleached pastry wheat flour, caster sugar, baking powder, kosher salt, eggs, unsalted butter, whole milk, almond extract, milk chocolate, powdered sugar, vanilla extract, chocolate butter cream (cocoa powder, unsalted butter, heavy cream, kosher salt, vanilla extract)"
228,229,"refined unbleached pastry wheat flour, caster sugar, baking powder, kosher salt, eggs, unsalted butter, whole milk, almond extract, milk chocolate, powdered sugar, vanilla extract, chocolate butter cream (cocoa powder, unsalted butter, heavy cream, kosher salt, vanilla extract)"
229,230,"refined unbleached wheat flour, baking powder, baking soda, kosher salt, caster sugar, eggs, buttermilk, streusel (unrefined unbleached wheat flour, unsalted butter, caster sugar, ground cinnamon)"
230,231,"refined unbleached wheat flour, baking powder, baking soda, kosher salt, caster sugar, eggs, buttermilk, streusel (unrefined unbleached wheat flour, unsalted butter, caster sugar, ground cinnamon)"
231,232,"refined unbleached wheat flour, baking powder, kosher salt, caster sugar, unsalted butter, eggs, whole milk, almond extract, slivered almonds, clover honey, dried lavender"
232,233,"refined unbleached wheat flour, baking powder, kosher salt, caster sugar, unsalted butter, eggs, whole milk, almond extract, slivered almonds, clover honey, dried lavender"
233,234,"refined unbleached pastry wheat flour, dried yeast, caster sugar, unsalted butter, eggs, whole milk, rum extract, dried apricots, apricots, caster sugar, apple pectin, powdered sugar"
234,235,"refined unbleached pastry wheat flour, unsalted butter, whole milk, kosher salt, topfen curd, heavy cream, blueberries, caster sugar, powdered sugar"
235,236,"refined unbleached wheat flour, baking powder, kosher salt, caster sugar, eggs, whole milk, vanilla extract, honeycrisp apples, brown sugar, ground cinnamon"
236,237,"refined unbleached wheat flour, baking powder, kosher salt, caster sugar, eggs, whole milk, vanilla extract, honeycrisp apples, brown sugar, ground cinnamon"
237,238,"refined unbleached pastry wheat flour, unsalted butter, water, kosher salt, eggs, heavy cream, scallions, red onions, sunflower oil, ham, bacon"
238,239,"refined unbleached wheat flour, unsalted butter, dried yeast, water, sodium hydroxide, kosher salt"
239,240,"refined unbleached wheat flour, unsalted butter, dried yeast, water, sodium hydroxide, kosher salt"
240,241,"refined unbleached wheat flour, dried yeast, clover honey, water, kosher salt, unsalted butter, red onions, sunflower oil, ham, scallions, ground black peppercorns"
241,242,"refined unbleached pastry wheat flour, unsalted butter, water, kosher salt, eggs, heavy cream, scallions, Yukon gold potatoes, ground allspice, ground black peppercorns, ground mace"
242,243,"refined unbleached wheat flour, almond meal, unsalted butter, eggs, ground nutmeg, ground cloves, almond extract, kosher salt, raspberries, caster sugar, vanilla extract"
243,244,"refined unbleached wheat flour, almond meal, unsalted butter, eggs, ground nutmeg, ground cloves, almond extract, kosher salt, raspberries, caster sugar, vanilla extract"
244,245,"refined unbleached wheat flour, unsalted butter, molasses, caster sugar, ground ginger, ground cloves, ground nutmeg, ground mace, ground allspice, kosher salt, powdered sugar, water"
245,246,"refined unbleached wheat flour, unsalted butter, molasses, caster sugar, ground ginger, ground cloves, ground nutmeg, ground mace, ground allspice, kosher salt, powdered sugar, water"
246,247,"refined unbleached wheat flour, dried yeast, unsalted butter, caster sugar, eggs, whole milk, kosher salt, vanilla extract, dried cherries, dried raisins, pitted dates, housemade marzipan (fine almond meal, powdered sugar, rose water), powdered sugar"
247,248,"refined unbleached wheat flour, dried yeast, unsalted butter, caster sugar, eggs, whole milk, kosher salt, vanilla extract, dried cherries, dried raisins, pitted dates, housemade marzipan (fine almond meal, powdered sugar, rose water), powdered sugar"
248,249,"refined unbleached wheat flour, baking powder, brown sugar, ground cinnamon, ground cardamom, ground nutmeg, ground cloves, ground ginger, ground mace, kosher salt, unsalted butter, whole milk, anise extract, powdered sugar, water"
249,250,"refined unbleached wheat flour, baking powder, baking soda, brown sugar, ground black peppercorns, ground cinnamon, ground cardamom, ground nutmeg, ground cloves, ground ginger, kosher salt, unsalted butter, buttermilk, almond extract"
250,251,"refined unbleached wheat flour, caster sugar, dried yeast, kosher salt, unsalter butter, egg yolk, whole milk, poppy seed filling (poppy seeds, clover honey, golden raisins, dates, caster sugar, candied orange peel, ground hazelnuts), powdered sugar, water, candied orange peel"
251,252,"refined unbleached wheat flour, caster sugar, dried yeast, kosher salt, unsalter butter, egg yolk, whole milk, poppy seed filling (poppy seeds, clover honey, sultanas, dates, caster sugar, candied orange peel, ground hazelnuts), powdered sugar, water, candied orange peel"
252,253,"refined unbleached pastry flour, unsalted butter, kosher salt, water, honeycrisp apples, Granny Smith apples, golden raisins, ground cinnamon, ground cloves, lemon zest"
253,254,"refined unbleached pastry flour, unsalted butter, kosher salt, water, honeycrisp apples, Granny Smith apples, golden raisins, ground cinnamon, ground cloves, lemon zest"
254,255,"refined unbleached pastry flour, unsalted butter, kosher salt, water, honeycrisp apples, Granny Smith apples, golden raisins, ground cinnamon, ground cloves, lemon zest"
255,256,"refined unbleached wheat flour, unsalted butter, caster sugar, kosher salt, powdered sugar, heavy cream, vanilla extract, lemon extract, almond extract"
256,257,"refined unbleached wheat flour, walnut meal, caster sugar, kosher salt, unsalted butter, vanilla extract, vanilla sugar"
257,258,"fine almond meal, refined unbleached wheat flour, caster sugar, egg whites, unsalted butter, almond extract"
258,259,"quark curd, scallions, dried chives, dried parsley, dried tarragon, dried dill, sea salt"
259,260,"quark curd, sea salt"
260,261,"quark curd, sea salt"
261,262,"milk curd, cream, dairy cultures, sea salt"
262,263,"whole milk, dairy cultures"
263,264,"whole milk, dairy cultures"
264,265,"whole milk, dairy cultures, clover honey, sea salt"
265,266,"whole milk, dairy cultures, strawberries, clover honey, sea salt"
266,267,"whole milk, dairy cultures, raspberries, clover honey, sea salt"
267,268,"whole milk, dairy cultures, blueberries, clover honey, sea salt"
268,269,"whole milk, dairy cultures, cherries, clover honey, sea salt"
269,270,"whole milk, dairy cultures, strawberries, flavoring from vanilla beans, clover honey, sea salt"
270,271,"whole milk, dairy cultures, strawberries, flavoring from vanilla beans, clover honey, sea salt"
271,272,"whole milk, dairy cultures, raspberries, flavoring from vanilla beans, clover honey, sea salt"
272,273,"whole milk, dairy cultures, blueberries, flavoring from vanilla beans, clover honey, sea salt"
273,274,"whole milk, dairy cultures, cherries, flavoring from vanilla beans, clover honey, sea salt"
274,275,"pasteurized milk, cream, cheese cultures, sea salt"
275,276,"pasteurized milk, cream, cheese cultures, dried chives, sea salt"
276,277,"pasteurized milk, cream, cheese cultures, dried parsley, dried dill, dried tarragon, dried thyme, sea salt"
277,278,"pasteurized milk, cream, cheese cultures, honey, sea salt"
278,279,pasteurized whole milk
279,280,pasteurized whole milk
280,281,pasteurized part-skim milk
281,282,pasteurized part-skim milk
282,283,"pasteurized part-skim milk, dairy cultures"
283,284,"pasteurized part-skim milk, dairy cultures"
284,285,"cultured cream, sea salt"
285,286,"cultured cream, sea salt"
286,287,heavy cream
287,288,heavy cream
288,289,"cream, sea salt"
289,290,cream
290,291,"pasteurized whole milk, dairy cultures, rennet, sea salt"
291,292,"pasteurized whole milk, dairy cultures, rennet, sea salt"
292,296,pasteurized part-skim milk curd
293,427,"pork loin, ground black peppercorns"
294,428,"pork loin, dried parsley, dried thyme, dried rosemary, ground pink peppercorns, lemon zest, garlic"
295,429,"pork loin, bacon, brown sugar, beech wood smoke"
296,430,"pork loin, dried lemon zest, ground white peppercorns, dried thyme"
297,431,"pork loin, bacon, ground green peppercorns, beech wood smoke"
298,503,"ground mustard, horseradish, dried tarragon, water, brandy vinegar, canola oil, sea salt, sugar"
299,504,"ground mustard, mustard seeds, brandy vinegar, dried garlic, dried onions, honey, sea salt"
300,505,"cream, horseradish, brandy vinegar, canola oil, sea salt, sugar"
301,506,"cream, horseradish, brandy vinegar, canola oil, sea salt, sugar, guar thickening agent"
302,507,"cream, horseradish, apples, brandy vinegar, canola oil, sea salt, sugar, guar thickening agent"
303,508,"sour cherries, orange zest, ground cardamom, sugar, citric acid, apple pectin"
304,509,"orange peel, orange juice, raisins, sultanas, sugar, rose water, apple pectin"
305,510,"apples, pears, orange peel, rosemary extract, sugar, citric acid, apple pectin"
306,511,"strawberries, plums, ground cardamom, rose water, citric acid, apple pectin"
307,512,"bananas, cooked carrots, fresh ginger, ground cloves, rosemary extract, sugar"
308,513,"peaches, plums, clover honey, lavender, sugar, citric acid, apple pectin"
309,514,"blood orange juice, orange peel, mangoes, lemon peel, ground cinnamon, citric acid, apple pectin"
310,515,"red grapes, sugar, citric acid, apple pectin"
311,516,"strawberries, rhubarb, sugar, citric acid, apple pectin"
312,517,"apples, pears, sugar, ground caraway seeds"
313,518,"apples, sugar, water, citric acid"
314,519,"orange pulp, orange juice, orange peel, lemon peel, sugar, citric acid, apple pectin"
315,520,"crushed whole plums, sugar, water, ground allspice, ground cinnamon, ground cloves, citric acid"
316,521,"crushed whole peaches, nectarines, sugar, water, ground cinnamon, ground cloves, citric acid"
317,522,"apples, sugar, water, ground cinnamon, ground star anise, citric acid"
318,523,lavender blossom honey
319,524,rose flower honey
320,525,clover honey
321,526,sunflower blossom honey
322,527,lilac blossom honey
323,528,honeysuckle blossom honey
324,529,"tomato pulp, citric acid"
325,530,"tomato pulp, citric acid"
326,531,"tomato pulp, citric acid"
327,532,"anchovies, canola oil, sea salt"
328,533,"onions, caraway seeds, sugar, citric acid, apple pectin"
329,534,"onions, bacon, caraway seeds, sugar, citric acid, apple pectin"
330,535,"red onions, caraway seeds, sugar, citric acid, apple pectin"
331,536,"onions, apples, caraway seeds, sugar, citric acid, apple pectin"
332,537,gelatine sourced from pork
333,538,pectin
334,539,"dried orange peel, dried lemon peel, dried lime peel, dried grapefruit peel, sugar, citric acid"
335,540,"espresso powder, dried orange zest, cayenne pepper"
336,541,"ground cinnamon, ground mace, ground cloves, ground black peppercorns"
337,542,"coriander seeds, mustard seeds, dill seeds, allspice berries, dried bay leaves, cinnamon sticks, dried juniper berries, whole cloves"
338,543,"coriander seeds, fennel seeds, caraway seeds, anise seeds"
339,544,"caraway seeds, poppy seeds"
340,545,"ground cinnamon, ground allspice, ground mace, dried lemon zest, ground cloves"
341,546,ground cinnamon
342,547,dried lavender
343,548,"dried lemon zest, ground nutmeg, dried parsley, ground black peppercorns"
344,549,"poppy seeds, caraway seeds, white sesame seeds, flax seeds"
345,550,"dried parsley, dried lemon zest, dried orange zest, mustard seeds, ground white peppercorns"
346,551,"ground black peppercorns, ground green peppercorns, ground pink peppercorns, ground white peppercorns, celery salt, dried garlic flakes, dried parsley, dried thyme"
347,552,"whole cloves, dried bay leaves, black peppercorns, dried juniper berries, mustard seeds, allspice berries"
348,553,"dried lemon zest, ground mustard, ground paprika, dried parsley, ground nutmeg"
349,554,"garam masala, curry powder, ground ginger, chili powder, dried orange zest, ground paprika"
350,555,"dried parsley, dried marjoram, dried thyme, dried sage, celery seeds, dried orange zest"
351,556,"dried chives, dried parsley, ground mustard"
352,557,"dried vanilla beans, honey crystals, dried lavender, ground cloves"
353,558,ground cinnamon
354,559,ground nutmeg
355,560,dried thyme leaves
356,561,dried rosemary leaves
357,562,ground cloves
358,563,"coriander seeds, mustard seeds, dill seeds, allspice berries, dried bay leaves, crushed cinnamon"
359,564,dried rosemary
360,565,yellow mustard seeds
361,566,celery seeds
362,567,whole cloves
363,568,nutmeg berries
364,569,dried vanilla beans
365,570,ground garlic
366,571,star anise
367,572,dried bay leaves
368,573,dried parsley leaves
369,574,dried dill
370,575,dried sage leaves
371,576,dried chives
372,577,dried chervil leaves
373,578,dried basil leaves
374,579,black peppercorns
375,580,allspice berries
376,581,cinnamon sticks
377,582,ground ginger
378,583,dried tarragon leaves
379,584,dried marjoram leaves
380,585,fennel seeds
381,586,ground mace
382,587,ground mustard
383,588,caraway seeds
384,589,"breadcrumbs (refined wheat flour, sea salt, yeast, canola oil), potato starch, dried egg powder, semolina flour, dried onions, sea salt, dried parsley"
385,590,"dried cooked potatoes, dried raw potatoes, potato starch, wheat flour, sea salt, canola oil"
386,591,"dried cooked potato flakes, dried raw potato flakes, potato starch, sea salt, canola oil"
387,592,"dried raw potato flakes, dried cooked potato flakes, potato starch, sea salt, canola oil"
388,593,"breadcrumbs (refined wheat flour, sea salt, yeast, canola oil), potato starch, dried egg powder, semolina flour, dried onions, sea salt, dried parsley, water"
389,594,"cooked potatoes, raw potatoes, potato starch, wheat flour, sea salt, canola oil, water"
390,595,"cooked potatoes, raw potatoes, potato starch, wheat flour, sea salt, canola oil, water"
391,596,"refined wheat flour, yeast, water, sea salt"
392,597,"refined wheat flour, yeast, water, sea salt"
393,598,"breadcrumbs (refined wheat flour, sea salt, yeast, canola oil), potato starch, dried egg powder, semolina flour, dried onions, dried spinach, sea salt, water"
394,599,"refined wheat flour, baking powder, dried egg powder, dried milk powder, canola oil, sea salt"
395,600,"refined durum wheat semolina cereal, sugar, sea salt"
396,601,"rolled oats, guar thickening agent, sea salt"
397,602,"rolled spelt, guar thickening agent, sea salt"
398,603,"pearl millet, guar thickening agent, sea salt"
399,604,"rolled oats, almonds, raisins, dried cherries, dried apricots, citric acid, sunflower seeds, pumpkin seeds, honey crystals"
400,605,"rolled oats, raisins, sugar, honey, slivered almonds, sea salt, vanilla sugar, canola oil"
401,606,rolled oats
402,607,"breadcrumbs (refined wheat flour, milk, sea salt, yeast, sugar, canola oil), wheat flour, eggs, dried marjoram, dried parsley, sea salt, water"
403,608,"breadcrumbs (refined wheat flour, milk, sea salt, yeast, sugar, canola oil), wheat flour, eggs, dried marjoram, dried parsley, sea salt, water"
404,609,"breadcrumbs (refined wheat flour, milk, sea salt, yeast, sugar, canola oil), wheat flour, eggs, fried onions (yellow onions, canola oil), garlic powder, sea salt, water"
405,610,"breadcrumbs (refined wheat flour, milk, sea salt, yeast, sugar, canola oil), wheat flour, eggs, dried parsley, dried sage, dried thyme, dried chives, sea salt, water"
406,611,"cooked potatoes, raw potatoes, potato starch, wheat flour, water, dried parsley, ground white peppercorns, sea salt, bread croutons (refined wheat flour, milk, sea salt, onion powder, garlic powder, yeast, sugar, canola oil)"
407,612,"cooked potatoes, raw potatoes, potato starch, wheat flour, water, dried parsley, ground white peppercorns, sea salt, bread croutons (refined wheat flour, milk, sea salt, onion powder, garlic powder, yeast, sugar, canola oil)"
408,613,"raw potatoes, potato starch, water, dried parsley, ground white peppercorns, sea salt, bread croutons (refined wheat flour, milk, sea salt, onion powder, garlic powder, yeast, sugar, canola oil)"
409,614,"dried cooked potato flakes, potato starch, wheat flour, dried parsley, ground white peppercorns, sea salt"
410,615,"dried raw potato flakes, potato starch, wheat flour, dried parsley, ground white peppercorns, sea salt"
411,616,"refined wheat flour, milk, sea salt, yeast, sugar, canola oil"
412,617,"refined wheat flour, dried parsley, dried sage, dried chervil, dried thyme, milk, sea salt, yeast, sugar, canola oil"
413,618,"dried cooked potato flakes, dried milk powder, dried buttermilk powder, sea salt"
414,622,"pierogi dough (refined wheat flour, canola oil, sea salt, sugar, water), minced chicken, spinach, cream, ground white peppercorns, sea salt"
415,623,"pierogi dough (refined wheat flour, canola oil, sea salt, sugar, water), minced pork, cabbage, onions, ground white peppercorns, ground mustard, sea salt"
416,624,"pierogi dough (refined wheat flour, canola oil, sea salt, sugar, water), minced pork, apples, onions, ground white peppercorns, ground mustard, sea salt"
417,625,"pierogi dough (refined wheat flour, canola oil, sea salt, sugar, water), minced beef, potatoes, onions, ground white peppercorns, ground mustard, celery seeds, sea salt"
418,626,"pierogi dough (refined wheat flour, canola oil, sea salt, sugar, water), minced cured pork, bacon, cabbage, brandy vinegar, potatoes, ground white peppercorns, ground mustard, celery seeds, sea salt"
419,627,"potato dumpling (cooked potatoes, potato starch, wheat flour, sea salt, canola oil, water), minced pork, minced beef, onions, beef broth, ground black peppercorns, sea salt, potato starch"
420,628,"potato dumpling (cooked potatoes, potato starch, wheat flour, sea salt, canola oil, water), minced pork, minced beef, onions, beef broth, ground black peppercorns, sea salt, potato starch"
421,629,"potato dumpling (cooked potatoes, raw potatoes, potato starch, sea salt, canola oil, water), minced pork, minced bacon, onions, brandy vinegar, dried marjoram, ground nutmeg, ground black peppercorns, sea salt, potato starch"
422,630,"potato dumpling (cooked potatoes, raw potatoes, potato starch, sea salt, canola oil, water), weisswurst (minced pork, minced bacon, minced pork rind, lemon zest, dried parsley, dried marjoram, ground coriander, ground white peppercorns, sea salt), onions, beef broth, potato starch"
423,631,"water, meatballs (minced pork, minced bacon, breadcrumbs [refined wheat flour, yeast, sea salt, water], eggs, dried onions, sea salt), cream, brandy vinegar, wheat flour, canola oil, capers, dried parsley, guar thickening agent"
424,632,"water, meatballs (minced pork, minced bacon, breadcrumbs [refined wheat flour, yeast, sea salt, water], eggs, dried onions, sea salt), cream, brandy vinegar, wheat flour, canola oil, capers, dried parsley, guar thickening agent"
425,633,"minced pork, breadcrumbs (refined wheat flour, onion powder, yeast, sea salt, water), onions, milk, ground white peppercorns, ground nutmeg, sea salt"
426,634,"crust (ground almonds, refined wheat flour, vegetable shortening, sugar), filling (raspberries, sugar, citric acid, apple pectin)"
427,635,"dough (refined wheat flour, yeast, honey, canola oil, sea salt, water), red onion, diced bacon, quark curd, cream, dried parsley, dried marjoram, garlic powder"
428,636,"dough (refined wheat flour, yeast, honey, canola oil, sea salt, water), diced ham, diced bacon, Emmental cheese, quark curd, ground black peppercorns"
429,637,"dough (refined wheat flour, yeast, honey, canola oil, sea salt, water), Emmental cheese, quark curd, romadur, dried parsley, dried sage, dried marjoram"
430,638,"crust (refined wheat flour, refined rye flour, yeast, honey, canola oil, sea salt, water), eggs, cream, Emmental cheese, quark curd, diced bacon, caraway seeds, dried parsley, sea salt"
431,639,"minced pork, minced veal, sea salt, sugar, dried marjoram, dried parsley, ground allspice, ground mustard"
432,640,whole carp
433,641,whole herring
434,642,"deboned herring, canola oil, tomatoes, sugar, water, sea salt"
435,643,"deboned herring, canola oil, sea salt, beech wood smoke"
436,644,"water, beef tail, beef knuckle bones, onions, carrots, dried parsley, dried thyme, sea salt"
437,645,"water, chicken neck, chicken liver, chicken leg bones, onions, carrots, dried parsley, dried thyme, sea salt"
438,646,"water, anchovy, pollock, fish bones, onions, carrots, dried parsley, dried thyme, sea salt"
439,647,"water, pork neck, pork knuckle, onions, carrots, dried parsley, dried thyme, sea salt"
440,648,"water, onions, carrots, leeks, mushrooms, parsnips, dried parsley, dried thyme, sea salt"
441,649,"dehydrated beef stock (water, minced beef, beef bones, onions, dried parsley), potato starch, sea salt"
442,650,"dehydrated chicken stock (water, minced chicken, chicken bones, onions, dried parsley), potato starch, sea salt"
443,651,"dehydrated pork stock (water, minced pork, pork bones, onions, dried parsley), potato starch, sea salt"
444,652,"dehydrated vegetable stock (water, onions, leeks, carrots, dried parsley), potato starch, sea salt"
445,653,"water, chicken bones, chicken neck, onions, leeks, celery, dried parsley, dried bay leaves, sea salt, green peppercorns"
446,654,"water, beef bones, beef tail, onions, leeks, celery, dried parsley, dried bay leaves, sea salt, green peppercorns"
447,655,"water, trout bones, herring bones, lobster shell, anchovies, onions, leeks, celery, dried parsley, dried bay leaves, sea salt, green peppercorns"
448,656,"water, pork bones, pork neck, onions, leeks, celery, dried parsley, dried bay leaves, sea salt, green peppercorns"
449,657,"pork stock (water, pork bones, minced pork, onions, carrots, celery, dried bay leaves), refined wheat flour, potato starch, canola oil, sea salt, ground white peppercorns, water"
450,658,"beef stock (water, beef bones, minced beef, onions, carrots, celery, dried bay leaves), refined wheat flour, potato starch, canola oil, sea salt, ground white peppercorns, water"
451,659,"chicken stock (water, chicken bones, minced chicken, onions, carrots, celery, dried bay leaves), refined wheat flour, potato starch, canola oil, sea salt, ground white peppercorns, water"
452,660,"grapes, concentrated grape must, wine distillate, sulfur dioxide"
453,661,"grapes, concentrated grape must, wine distillate, sulfur dioxide"
454,662,hard cider
455,663,white wine vinegar
456,664,"white wine vinegar, dried thyme, dried bay leaves"
457,665,red wine vinegar
458,666,"red wine vinegar, dried juniper berries"
459,667,sherry vinegar
460,668,apple cider vinegar
461,669,"apple cider vinegar, basil"
462,670,"apple cider vinegar, apple juice concentrate"
463,671,pear cider vinegar
464,672,blackcurrant cider vinegar
465,673,"malt vinegar, water"
466,674,"beer, mother of vinegar"
467,675,"cucumber juice, brandy vinegar"
468,676,brandy vinegar
469,677,"water, lentils, onions, carrots, potatoes, parsnips, tomato paste, sea salt, ground black peppercorns, brandy vinegar, dried parsley, dried rosemary, dried lovage, guar thickening agent"
470,678,"water, lentils, onions, carrots, potatoes, parsnips, tomato paste, sea salt, ground black peppercorns, brandy vinegar, dried parsley, dried rosemary, dried lovage, guar thickening agent"
471,679,"water, potatoes, onions, carrots, diced ham, sea salt, ground white peppercorns, dried parsley, dried thyme, dried lovage, guar thickening agent"
472,680,"water, potatoes, onions, carrots, diced ham, sea salt, ground white peppercorns, dried parsley, dried thyme, dried lovage, guar thickening agent"
473,681,"water, onions, garlic, white wine, cream, sea salt, ground white peppercorns, guar thickening agent"
474,682,"water, onions, garlic, white wine, cream, sea salt, ground white peppercorns, guar thickening agent"
475,683,"water, cabbage, onions, carrots, potatoes, meatballs (minced pork, onions, ground nutmeg, sea salt, ground black peppercorns), caraway seeds, sea salt"
476,684,"water, cabbage, onions, carrots, potatoes, meatballs (minced pork, onions, ground nutmeg, sea salt, ground black peppercorns), caraway seeds, sea salt"
477,685,"water, chicken meat, onions, carrots, potatoes, parsnips, wheat flour, canola oil, dried rosemary, dried thyme, ground white peppercorns, sea salt"
478,686,"water, beef, onions, carrots, potatoes, wheat flour, canola oil, dried rosemary, dried thyme, ground black peppercorns, sea salt"
479,687,"water, dried peas, onions, carrots, potatoes, diced ham, dried lovage, dried rosemary, ground black peppercorns, sea salt"
480,688,"sausage bits (minced pork, dried chili flakes, fennel seeds, sea salt), diced pepperoni, onions, tomato sauce, tomato paste, emmanental cheese, dried oregano, dried marjoram, dried basil, parmesan cheese, sugar, water"
481,689,"green asparagus, white asparagus, onions, vegetable stock (water, onions, carrots, celery, dried parsley), cream, bockwurst (minced pork, curing salt, ground mustard, beech wood smoke), caraway seeds, sea salt"
482,690,"green asparagus, onions, potatoes, bacon (pork belly, curing salt, sugar, beech wood smoke), vegetable stock (water, onions, carrots, celery, dried parsley), cream, refined wheat flour, canola oil, caraway seeds, sea salt, ground white peppercorns, guar thickening agent"
483,691,"green asparagus, onions, potatoes, bacon (pork belly, curing salt, sugar, beech wood smoke), vegetable stock (water, onions, carrots, celery, dried parsley), cream, refined wheat flour, canola oil, caraway seeds, sea salt, ground white peppercorns, guar thickening agent"
484,692,"carrots, onions, sweet potatoes, vegetable stock (water, onions, carrots, celery, dried parsley), cream, wheat flour, canola oil, caraway seeds, dried dill, sea salt, ground white peppercorns, guar thickening agent"
485,693,"carrots, onions, sweet potatoes, vegetable stock (water, onions, carrots, celery, dried parsley), cream, wheat flour, canola oil, caraway seeds, dried dill, sea salt, ground white peppercorns, guar thickening agent"
486,694,"beef chuck, pearled barley, potatoes, carrots, onions, beef stock (water, beef bones, onions, carrots, celery, dried parsley), dried thyme, ground black peppercorns, sea salt, guar thickening agent"
487,695,"green beans, pureed broccoli, onions, potatoes, vegetable stock (water, onions, carrots, celery, dried parsley), cream, wheat flour, canola oil, dried thyme, ground white peppercorns sea salt, guar thickening agent"
488,696,"green beans, pureed broccoli, onions, potatoes, vegetable stock (water, onions, carrots, celery, dried parsley), cream, wheat flour, canola oil, dried thyme, ground white peppercorns sea salt, guar thickening agent"
489,697,"green beans, onions, carrots, sweet potatoes, bacon (pork belly, curing salt, sugar, beech wood smoke), vegetable stock (water, onions, carrots, celery, dried parsley), dried thyme, ground white peppercorns, sea salt"
490,698,"yellow peas, smoked pork (pork shoulder, curing salt, sugar, beech wood smoke), pork stock (water, pig ears, onions, carrots, celery, dried parsley), onions, carrots, leeks, celeriac, pork lard, potatoes, dried marjoram, dried bay leaves, ground white peppercorns, sea salt"
491,699,"yellow peas, smoked pork (pork shoulder, curing salt, sugar, beech wood smoke), pork stock (water, pig ears, onions, carrots, celery, dried parsley), onions, carrots, leeks, celeriac, pork lard, potatoes, dried marjoram, dried bay leaves, ground white peppercorns, sea salt"
492,700,"semolina meal, dried egg powder, refined wheat flour, ground nutmeg, sea salt"
493,701,milled wheat
494,702,"durum wheat meal, eggs"
495,703,"durum wheat meal, eggs"
496,704,"potatoes, potato starch, spätzle meal, canola oil, eggs"
497,705,"durum wheat meal, eggs, water, sea salt, canola oil"
498,706,"spätzle (durum wheat meal, eggs, water, sea salt, canola oil), emmanental cheese, bergkäse, sea salt"
499,707,"knöpfle (durum wheat meal, eggs, water, sea salt, canola oil), cream, bergkäse, wheat flour, canola oil, sea salt"
500,708,"durum wheat meal, eggs"
501,709,durum wheat meal
502,710,"durum wheat meal, dried spinach, dried tomatoes, eggs"
503,711,durum wheat meal
504,712,"durum wheat meal, dried spinach, dried tomatoes, eggs"
505,713,"durum wheat meal, eggs"
506,714,durum wheat meal
507,715,durum wheat meal
508,716,"plums, potassium sorbate"
509,717,"plums, potassium sorbate"
510,718,"pears, sulfur dioxide"
511,719,raisins
512,720,raisins
513,721,black currants
514,722,black currants
515,723,red currants
516,724,sour cherries
517,725,"apricots, sulfur dioxide"
518,726,"peaches, sulfur dioxide"
519,727,"apples, citric acid, sulfur dioxide"
520,728,"apples, sugar, ground cinnamon, citric acid, sulfur dioxide"
521,729,"orange peel, sugar syrup (sugar, water), sugar, sulfur dioxide"
522,730,"lemon peel, sugar syrup (sugar, water), sugar, sulfur dioxide"
523,731,"lemon peel, orange peel, sugar syrup (sugar, water), sugar, sulfur dioxide"
524,732,pitted dates
525,733,juniper berries
526,734,wild blueberries
527,735,"figs, potassium sorbate"
528,736,"fresh ginger, sugar syrup (sugar, water), sugar"
529,737,"raisins, black currants, sour cherries"
530,738,"refined wheat flour, cocoa powder, sugar, vanilla flavoring, baking powder, sea salt"
531,739,"refined wheat flour, sugar, yeast, vanilla flavoring, sea salt, jam filling (strawberries, poppy seeds, sugar, water, fruit pectin)"
532,740,"refined wheat flour, sugar, yeast, vanilla flavoring, sea salt, vanilla sauce powder (ground vanilla beans, sugar, vanilla flavoring, corn starch)"
533,741,"refined wheat flour, sugar, dried egg powder, vanilla flavoring, baking powder, baking soda, sea salt"
534,742,"refined wheat flour, sugar, ground cinnamon, ground ginger, ground cloves, ground nutmeg, vanilla flavoring, baking powder, sea salt"
535,743,"dough mix (refined wheat flour, sugar, baking powder, sea salt), filling mix (sugar, corn starch, vanilla flavoring, sea salt)"
536,744,"refined wheat flour, sugar, vanilla flavoring, baking powder, sea salt, chocolate marble mix (cocoa powder, sugar, corn starch)"
537,745,"refined wheat flour, sugar, vanilla flavoring, orange extract, dried orange zest, baking powder, sea salt"
538,746,"refined wheat flour, sugar, vanilla flavoring, lemon extract, dried lemon zest, baking powder, sea salt"
539,747,"refined wheat flour, sugar, vanilla flavoring, baking powder, sea salt, streusel topping (refined wheat flour, sugar, ground cinnamon, ground cloves, ground nutmeg, sea salt)"
540,748,baker's yeast
541,749,"dried baker's yeast, sodium monostearate"
542,750,"corn starch, sodium bicarbonate, monocalcium phosphate"
543,751,"corn starch, sodium bicarbonate, monocalcium phosphate"
544,752,sodium bicarbonate
545,753,sugar
546,754,"sugar, molasses"
547,755,sugar
548,756,"sugar, corn starch"
549,757,cane sugar
550,758,"sugar, ground vanilla beans"
551,759,"sugar, ground vanilla beans, vanilla extract, corn starch, water"
552,760,"vanilla beans, water, alcohol"
553,761,"lemon oil, water, alcohol"
554,762,"alcohol, water, rum, rum flavoring"
555,763,"almond oil, water, alcohol"
556,764,dried milk powder
557,765,cocoa powder
558,766,"unsweetened chocolate, cocoa butter, sugar"
559,767,"unsweetened chocolate, cocoa butter, sugar"
560,768,"unsweetened chocolate, milk, sugar, cocoa butter"
561,769,"whole wheat flour, whole grain rye flour, whole grain spelt flour, ground oats, baking powder, dried yeast, sugar, sea salt"
562,770,"refined wheat flour, dried potatoes, baking powder, dried yeast, sugar, sea salt"
563,771,"refined wheat flour, refined rye flour, baking powder, dried yeast, sugar, sea salt"
564,772,"whole wheat flour, refined wheat flour, baking powder, dried yeast, sugar, sea salt"
565,773,"whole grain rye flour, refined wheat flour, baking powder, dried yeast, sugar, sea salt"
566,774,"refined wheat flour, refined spelt flour, baking powder, sugar, dried yeast, sea salt, sunflower seeds"
567,775,"refined spelt flour, refined rye flour, baking powder, dried yeast, sugar, sea salt"
568,776,"refined wheat flour, refined rye flour, baking powder, sugar, dried yeast, sea salt, pumpkin seeds"
569,777,refined wheat flour 550
570,778,refined wheat flour 1050
571,779,whole grain wheat flour
572,780,spelt flour 630
573,781,spelt flour 1050
574,782,whole grain spelt flour
575,783,rye flour 1150
576,784,whole grain rye flour
577,785,"refined wheat flour, durum wheat meal"
578,786,"milk, guar thickening agent"
579,787,"milk, sugar"
580,788,"water, barley malt, cereal grains, hops, yeast"
581,789,"water, barley malt, cereal grains, hops, yeast"
582,790,"water, barley malt, cereal grains, hops, yeast"
583,791,"water, barley malt, cereal grains, hops, yeast"
584,792,"water, barley malt, cereal grains, hops, yeast"
585,793,"water, barley malt, cereal grains, hops, yeast"
586,794,"water, barley malt, cereal grains, hops, yeast"
587,795,"water, barley malt, cereal grains, hops, yeast"
588,796,"beer (water, barley malt, cereal grains, hops, yeast), lemonade (lemon juice, sugar, water)"
589,797,"water, barley malt, hops, yeast"
590,798,"water, barley malt, hops, yeast"
591,799,"water, barley malt, hops, yeast"
592,800,"water, barley malt, cereal grains, hops, yeast"
593,801,"water, barley malt, cereal grains, hops, yeast"
594,802,"water, barley malt, cereal grains, hops, yeast"
595,803,"water, barley malt, cereal grains, hops, yeast"
596,804,"water, barley malt, cereal grains, hops, yeast"
597,805,"water, barley malt, cereal grains, hops, yeast"
598,806,"water, smoked barley malt, hops, yeast"
599,807,"water, rye malt, hops, yeast"
600,808,"water, rye malt, hops, yeast"
601,809,"water, wheat malt, hops, yeast"
602,810,"water, wheat malt, hops, yeast"
603,811,"water, wheat malt, hops, yeast"
604,812,"water, wheat malt, hops, yeast"
605,813,"water, barley malt, sugar, hops"
606,814,"beer (water, wheat malt, hops, yeast), banana juice (bananas, water, sugar)"
607,815,"beer (water, wheat malt, hops, yeast), soda water"
608,816,"water, barley malt, hops, yeast"
609,817,"water, wheat malt, hops, yeast"
610,818,"water, barley malt, hops, yeast"
611,819,"water, barley malt, hops, yeast"
612,820,"water, barley malt, hops, yeast"
613,821,"water, barley malt, hops, yeast"
614,822,"water, barley malt, hops, yeast"
615,823,"water, barley malt, hops, yeast"
616,824,"water, barley malt, hops, yeast"
617,825,"water, barley malt, hops, yeast"
618,826,"water, wheat malt, hops, yeast"
619,827,"water, wheat malt, hops, yeast"
620,905,"quince, sugar, citric acid, fruit pectin"
621,906,"orange peel, lemon peel, grapefruit peel, tangerine peel, sugar, fruit pectin"
622,907,"pitted sour cherries, sugar, citric acid, fruit pectin"
623,908,"quince, sugar, citric acid"
624,909,"strawberries, sugar, citric acid, fruit pectin"
625,910,"plums, sugar, citric acid, fruit pectin"
626,911,"black currants, sugar, citric acid, fruit pectin"
627,912,"apricots, sugar, citric acid, fruit pectin"
628,913,"apples, sugar, water, citric acid"
629,914,"apples, molasses, sugar, ground cinnamon, ground nutmeg, ground cloves, citric acid"
630,915,"apples, pears, molasses, sugar, dried rosemary, dried lemon zest, citric acid"
631,916,"plums, molasses, sugar, ground cinnamon, citric acid"
632,917,"lemon peel, lemon oil, butter, egg yolks, sugar"
633,918,"pears, molasses, sugar, dried rosemary, rose water, citric acid"
634,919,"raspberries, sugar, citric acid, fruit pectin"
635,920,clover honey
636,921,"tomato sauce, tomato paste, honey, apple cider vinegar, ground cloves, ground nutmeg, kosher salt"
637,922,"tomato sauce, tomato paste, honey, apple cider vinegar, curry spice mix (ground cumin, ground coriander, turmeric, ground fenugreek, ground cinnamon, ground cloves), kosher salt"
638,923,"ground mustard, water, kosher salt"
639,924,"ground mustard, mustard seeds, caraway seeds, honey, apple cider vinegar, water, kosher salt"
640,925,"ground mustard, apple cider vinegar, kosher salt"
641,926,"ground mustard, distilled vinegar, ground white peppercorns, kosher salt, water"
642,927,"ground mustard, honey, apple cider vinegar, water, kosher salt"
643,928,"ground mustard, mustard seeds, white wine vinegar, water, kosher salt"
644,929,"ground mustard, horseradish, distilled vinegar, ground white peppercorns, kosher salt, water"
645,930,"white wine vinegar, water"
646,931,"red wine vinegar, water"
647,932,"apple cider vinegar, water"
648,933,"malt vinegar, water"
649,934,"cucumbers, green bell pepper, dried dill, mustard seeds, distilled vinegar, water, kosher salt"
650,935,"cucumbers, red bell pepper, dried dill, mustard seeds, honey, apple cider vinegar, water, kosher salt"
651,936,"horseradish, mangoes, mango puree, sugar, sea salt, ground white peppercorns, caraway seeds"
652,937,"lemon juice, lemon oil"
653,938,"canola oil, apple cider vinegar, mustard (ground mustard, water), honey, ground black peppercorns, kosher salt"
654,939,"canola oil, lemon juice, lemon oil, mustard (ground mustard, water), honey, ground black peppercorns, kosher salt"
655,940,canola oil
656,941,grapeseed oil
657,942,olive oil
658,943,"cucumbers, distilled vinegar, water, ground mustard, mustard seeds, kosher salt"
659,944,"cucumbers, distilled vinegar, water, kosher salt"
660,945,"egg yolks, apple cider vinegar, canola oil, kosher salt"
661,946,"cabbage, water, caraway seeds, kosher salt, lactic acid"
662,947,"plums, raisins, sugar, water, ground cinnamon, ground nutmeg, ground cloves, vanilla beans, citric acid"
663,948,"strawberries, rhubarb, sugar, water, lemon zest, vanilla beans, citric acid"
664,949,"blueberries, sugar, water, lemon zest, ground cinnamon, ground nutmeg, ground cloves, vanilla beans, citric acid"
665,950,"egg yolks, unsalted butter, white wine vinegar, paprika, kosher salt"
666,951,"pitted green olives, water, kosher salt, olive oil, citric acid"
667,952,"pitted black olives, water, kosher salt, olive oil, citric acid"
668,953,"capers, water, distilled vinegar, kosher salt"
669,954,"red cabbage, onions, apple cider vinegar, sugar, water, kosher salt, citric acid"
670,955,"onions, carrots, celery, leeks, dried parsley, dried thyme, black peppercorns, kosher salt"
671,956,"water, beef bones, beef shoulder, onions, carrots, celery, dried parsley, dried thyme, dried sage, black peppercorns, kosher salt"
672,957,"water, chicken bones, chicken neck, chicken, onions, carrots, celery, dried parsley, dried thyme, dried sage, black peppercorns, kosher salt"
673,958,"water, pork hocks, pork shoulder, onions, carrots, celery, dried parsley, dried thyme, dried sage, black peppercorns, kosher salt"
674,959,"anchovies, canola oil, kosher salt"
675,960,"tomatoes, kosher salt"
676,961,"tomatoes, kosher salt"
677,962,"anchovies, canola oil, kosher salt"
678,963,"sardines, canola oil, kosher salt"
679,964,"salmon, water, kosher salt"
680,965,"smoked salmon, canola oil, kosher salt"
681,966,"mackerel, canola oil, kosher salt"
682,967,"vienna sausages (minced pork, curing salt, sugar, ground white peppercorns, caraway seeds, celery seeds), water, tomatoes, ground mustard, sugar, ground white peppercorns, kosher salt, corn starch)"
683,968,"water, potatoes, onions, leeks, carrots, celery, bacon (pork belly, curing salt, brown sugar, hickory wood smoke), smoked ham hock, dried parsley, cream, potato starch, ground black peppercorns, kosher salt"
684,969,"water, peas, onions, leeks, carrots, celery, dried parsley, bacon (pork belly, curing salt, brown sugar, hickory wood smoke), smoked sausage (minced pork, curing salt, sugar, celery seeds, ground mustard, ground white peppercorns, hickory wood smoke), ground black peppercorns, kosher salt"
685,970,"water, lentils, onions, leeks, carrots, celery, kale, dried bay leaves, ground black peppercorns, kosher salt"
686,971,"potatoes, water, kosher salt"
687,972,"roma tomatoes, tomato juice, kosher salt"
688,973,"roma tomatoes, tomato juice, kosher salt"
689,974,"roma tomatoes, tomato juice, kosher salt"
690,975,"water, tomato paste, kosher salt"
691,976,"green beans, water, kosher salt"
692,977,"carrots, water, kosher salt"
693,978,"spinach, water, kosher salt"
694,979,"mushrooms, water, kosher salt, citric acid"
695,980,"cabbage, water, caraway seeds, kosher salt, lactic acid"
696,981,"kale, water, kosher salt"
697,982,"beets, water, kosher salt"
698,983,"beets, distilled vinegar, sugar, water, mustard seeds, coriander seeds, kosher salt"
699,984,"peas, green beans, carrots, potatoes"
700,985,"peaches, water, sugar, citric acid"
701,986,"pears, pear juice, sugar, citric acid"
702,987,"pitted cherries, water, sugar, citric acid"
703,988,"apples, sugar, lemon zest, ground cinnamon, ground nutmeg, ground allspice, kosher salt, citric acid"
704,989,"peaches, sugar, lemon zest, ground cinnamon, ground nutmeg, ground allspice, kosher salt, citric acid"
705,990,durum wheat semolina
706,991,durum wheat semolina
707,992,durum wheat semolina
708,993,"durum wheat semolina, dried spinach, dried tomatoes, dried carrots"
709,994,durum wheat semolina
710,995,"durum wheat semolina, dried spinach, dried tomatoes, dried carrots"
711,996,"durum wheat semolina, eggs"
712,997,"durum wheat semolina, eggs"
713,998,"durum wheat semolina, eggs"
714,999,green lentils
715,1000,yellow lentils
716,1001,red lentils
717,1002,navy beans
718,1003,whole grain rolled oats
719,1004,refined soft wheat flour
720,1005,refined wheat flour
721,1006,whole grain soft wheat flour
722,1007,"whole grain wheat flour, refined wheat flour"
723,1008,whole grain wheat flour
724,1009,refined rye flour
725,1010,whole grain rye flour
726,1011,refined spelt flour
727,1012,refined spelt flour
728,1013,whole grain spelt flour
729,1014,white sesame seeds
730,1015,"sunflower seeds, sunflower oil, kosher salt"
731,1016,"pumpkin seeds, kosher salt"
732,1017,almonds
733,1018,almonds
734,1019,"almonds, powdered sugar, egg whites, almond extract"
735,1020,"almonds, powdered sugar, egg whites, almond extract"
736,1021,"almonds, powdered sugar, egg whites, almond extract"
737,1022,"vanilla beans, water, sugar cane alcohol"
738,1023,"lemon oil, water, sugar cane alcohol"
739,1024,"almond oil, water, sugar cane alcohol"
740,1025,"orange oil, water, sugar cane alcohol"
741,1026,"anise oil, water, sugar cane alcohol"
742,1027,"sugar, ground vanilla beans"
743,1028,"sugar, corn starch"
744,1029,"sugar, corn starch"
745,1030,sugar
746,1031,"sugar, molasses"
747,1032,"sugar, molasses"
748,1033,sugar
749,1034,sugar
750,1035,molasses
751,1036,"corn starch, sodium bicarbonate, sodium aluminum sulfate, monocalcium phosphate"
752,1037,sodium bicarbonate
753,1038,cocoa
754,1039,corn starch
755,1040,"yeast, sorbitan monostearate"
756,1041,"chocolate, sugar, cocoa butter, cocoa powder, vanilla beans"
757,1042,"sugar, chocolate liquor, cocoa butter, dried milk powder, vanilla beans"
758,1043,"refined wheat flour, sugar, lemon zest, poppy seeds, baking powder, baking soda, dried vanilla beans, kosher salt, icing (powdered sugar, ground vanilla beans)"
759,1044,"refined wheat flour, sugar, baking powder, dried vanilla beans, kosher salt, blueberries mix-in (blueberries, blueberry juice, ground cinnamon, lemon oil, citric acid), streusel topping (refined wheat flour, sugar, ground cinnamon)"
760,1045,"refined wheat flour, sugar, dried buttermilk powder, baking powder, baking soda, dried vanilla beans, kosher salt, streusel topping (refined wheat flour, sugar, ground cinnamon)"
761,1046,"refined pastry flour, sugar, baking powder, dried vanilla beans, kosher salt, blueberries mix-in (blueberries, blueberry juice, ground cinnamon, lemon oil, lemon zest, citric acid), streusel topping (refined wheat flour, sugar, ground cinnamon)"
762,1047,"refined pastry flour, sugar, poppy seeds, baking powder, dried vanilla beans, kosher salt, cherry mix-in (sour cherries, cherry juice, lemon oil, citric acid), icing (powdered sugar, ground vanilla beans)"
763,1048,"refined pastry flour, sugar, baking powder, dried vanilla beans, kosher salt, applesauce mix-in (apples, sugar, water, ground cinnamon, citric acid), apple topping (apples, sugar, water, lemon oil, lemon zest, ground cinnamon, ground cloves, ground ginger)"
764,1049,"refined pastry flour, sugar, ground cinnamon, ground nutmeg, ground cloves, ground ginger, ground mace, ground allspice, ground black peppercorns, dried buttermilk powder, baking powder, baking soda, dried vanilla beans, kosher salt"
765,1050,"apricots, potassium sorbate"
766,1051,"pitted prunes, potassium sorbate"
767,1052,raisins
768,1053,raisins
769,1054,sultanas
770,1055,"black currants, potassium sorbate"
771,1056,"raisins, golden raisins, cranberries, sugar"
772,1057,"orange peel, lemon peel, tangerine peel, lime peel, sugar, water"
773,1058,"apples, sulfur dioxide"
774,1059,"cranberries, sugar, sunflower oil"
775,1060,"cherries, sugar, sunflower oil"
776,1061,"apricots, pitted dates, pitted prunes, potassium sorbate"
777,1062,"figs, potassium sorbate"
778,1063,pitted dates
779,1064,"pears, sulfur dioxide"
780,1065,"chocolate coating (chocolate liquor, sugar, milk), pretzels (refined wheat flour, canola oil, yeast, baking soda), kosher salt"
781,1066,"sugar, water, corn starch, sour cherries, pears, citric acid, sunflower oil, beet juice, black currant juice, carrot juice"
782,1068,"sugar, water, corn starch, pears, citric acid, sunflower oil, beet juice, black currant juice, carrot juice"
783,1069,"sugar, water, corn starch, sour cherries, pears, citric acid, sunflower oil, beet juice, black currant juice, carrot juice, sugar crystals"
784,1070,"chocolate liquor, sugar, milk, kosher salt"
785,1071,"sugar syrup, sugar, corn starch, sunflower oil, lemon juice, apples, pears, kosher salt"
786,1072,"honey, honey crystals, sugar, egg whites, kosher salt"
787,1073,"honey, honey crystals, sugar, almonds, egg whites, kosher salt"
788,1074,"powdered sugar, almond meal, honey, egg whites, rose water"
789,1075,"almond meal, powdered sugar, honey, egg whites, rose water"
790,1076,dried dill
791,1077,dried parsley
792,1078,dried marjoram
793,1079,dried sage
794,1080,dried bay leaves
795,1081,dried chives
796,1082,dried lovage
797,1083,dried savory
798,1084,dried thyme
799,1085,dried rosemary
800,1086,dried basil
801,1087,dried chervil leaves
802,1088,star anise
803,1089,anise seeds
804,1090,caraway seeds
805,1091,ground coriander seeds
806,1092,coriander seeds
807,1093,ground dried peppers
808,1094,black peppercorns
809,1095,white peppercorns
810,1096,green peppercorns
811,1097,ground white peppercorns
812,1098,ground black peppercorns
813,1099,ground allspice
814,1100,ground cinnamon
815,1101,cinnamon sticks
816,1102,ground nutmeg
817,1103,ground nutmeg anil
818,1104,whole cloves
819,1105,ground cloves
820,1106,ground ginger
821,1107,green cardamom pods
822,1108,ground cardamom
823,1109,celery seeds
824,1110,fennel seeds
825,1111,yellow mustard seeds
826,1112,black mustard seeds
827,1113,poppy seeds
828,1114,dried tarragon
829,1115,"ground coriander, ground cumin, turmeric, ground fenugreek, ground cinnamon, ground cloves, ground cardamom, paprika"
830,1116,"caraway seeds, coriander seeds, fennel seeds, anise seeds, kosher salt"
831,1117,"allspice berries, whole cloves, coriander seeds, caraway seeds, mustard seeds, white peppercorns, black peppercorns, anise seeds"
832,1118,"ground cinnamon, ground ginger, ground cloves, ground nutmeg, ground allspice"
833,1119,"ground cinnamon, ground nutmeg, ground mace, ground cloves, ground ginger, ground allspice, ground cardamom, ground star anise"
834,1120,"ground cinnamon, ground nutmeg, ground allspice, ground cardamom, lemon zest"
835,1121,ground smoked peppers
836,1122,"ground cinnamon, ground cardamom, orange zest, ground allspice, ground nutmeg, ground cloves"
837,1123,"lemon zest, lemon oil, ground white peppercorns,  ground black peppercorns"
838,1124,ground mustard
839,1125,"ground star anise, ground black peppercorns, ground cinnamon, ground fennel, ground cloves"
840,1126,kosher salt
841,1127,"salt, iodine"
842,1128,"kosher salt, ground black peppercorns, ground white peppercorns, ground pink peppercorns, ground green peppercorns"
843,1129,ground anise seeds
844,1130,"ground black peppercorns, ground nutmeg, ground coriander, paprika, dried onions, dried garlic"
845,1131,"ground black peppercorns, caraway seeds, mustard seeds, celery seeds, dried onions, dried garlic, mustard seeds, ground mustard, ground coriander"
846,1132,dried vanilla beans
847,1133,"dried leeks, dried onions, dried carrots, dried kale, dried parsley, dried lovage"
848,1134,dried juniper berries
